date,open,high,low,close,volume_btc
2020-01-01,7160.69,7237.35,7150.0,7178.68,1119.10969318
2020-01-02,7174.7,7184.94,6900.0,6950.56,3972.70795427
2020-01-03,6945.7,7402.31,6853.53,7338.91,8072.72908749
2020-01-04,7332.58,7396.1,7256.03,7344.48,3256.73735349
2020-01-05,7356.05,7495.0,7310.0,7356.7,2707.27385549
2020-01-06,7352.12,7817.0,7342.46,7762.74,6728.28277831
2020-01-07,7768.17,8220.0,7697.03,8159.01,12158.32281238
2020-01-08,8151.79,8463.57,7872.09,8044.44,11913.23248192
2020-01-09,8048.94,8048.94,7737.97,7806.78,5957.24423978
2020-01-10,7812.7,8200.0,7667.0,8200.0,8999.98825687
2020-01-11,8200.0,8286.0,8000.0,8016.22,3788.3273136
2020-01-12,8008.1,8190.0,7960.0,8180.76,2056.08675369
2020-01-13,8180.75,8196.81,8039.0,8105.01,4011.43909644
2020-01-14,8105.01,8895.0,8105.01,8813.04,17009.43193382
2020-01-15,8813.2,8903.2,8555.0,8809.17,8606.88339936
2020-01-16,8810.62,8852.35,8573.91,8710.15,6713.2584764
2020-01-17,8715.39,9015.22,8661.52,8892.63,9363.15892644
2020-01-18,8898.03,9000.1,8798.9,8908.53,3678.00926615
2020-01-19,8901.02,9188.1,8461.38,8696.6,8785.449927
2020-01-20,8698.97,8740.54,8507.93,8625.17,4420.19825219
2020-01-21,8629.66,8778.66,8480.0,8717.89,3394.68916005
2020-01-22,8728.47,8792.98,8567.68,8655.93,3143.81212331
2020-01-23,8661.63,8665.95,8280.0,8378.44,8611.0107876
2020-01-24,8382.08,8530.7,8212.9,8422.13,6430.43023326
2020-01-25,8435.83,8437.47,8252.72,8329.5,2812.78995216
2020-01-26,8320.0,8600.0,8276.22,8590.48,6340.58577579
2020-01-27,8600.0,9004.35,8546.55,8894.54,9619.7747426
2020-01-28,8894.57,9413.24,8876.0,9400.0,9565.55935515
2020-01-29,9386.57,9443.96,9215.5,9289.18,6481.91594603
2020-01-30,9280.83,9570.0,9166.07,9500.0,7945.15877894
2020-01-31,9510.84,9529.35,9195.93,9327.85,5009.62230695
2020-02-01,9339.26,9464.16,9280.33,9377.17,1669.00246242
2020-02-02,9379.6,9474.28,9135.0,9329.39,3015.79158859
2020-02-03,9309.69,9615.0,9211.07,9288.09,4758.13350441
2020-02-04,9281.0,9348.6,9075.0,9159.37,4867.22545881
2020-02-05,9168.49,9775.0,9142.52,9618.42,8063.96793828
2020-02-06,9617.84,9859.57,9521.0,9754.63,7554.48867469
2020-02-07,9754.63,9878.0,9706.94,9803.42,4013.49096731
2020-02-08,9803.71,9948.97,9658.58,9902.0,3268.73554695
2020-02-09,9907.7,10178.54,9885.04,10173.97,4830.33787739
2020-02-10,10173.51,10199.85,9731.2,9850.01,7560.66789084
2020-02-11,9851.99,10383.9,9706.94,10268.98,8127.59636283
2020-02-12,10270.98,10495.0,10247.35,10348.78,6553.40942709
2020-02-13,10348.78,10500.5,10068.0,10228.67,9347.45128374
2020-02-14,10229.19,10398.0,10093.26,10364.04,6190.37749036
2020-02-15,10364.04,10408.04,9739.0,9899.78,5762.30634481
2020-02-16,9909.71,10051.24,9598.49,9912.89,4133.47675014
2020-02-17,9925.96,9973.45,9467.57,9697.15,5913.20492551
2020-02-18,9725.57,10288.0,9602.6,10185.17,6754.35394103
2020-02-19,10190.3,10300.0,9312.0,9595.72,9936.8206814
2020-02-20,9589.1,9706.27,9396.91,9612.76,6608.4910792
2020-02-21,9610.4,9773.2,9562.6,9696.13,4271.47074293
2020-02-22,9696.13,9722.39,9568.51,9668.13,2096.56353593
2020-02-23,9664.08,10024.08,9664.08,9965.21,3329.22433648
2020-02-24,9969.79,10027.66,9480.0,9652.58,5877.00770771
2020-02-25,9664.87,9682.73,9234.21,9305.4,6280.00295543
2020-02-26,9305.4,9369.99,8627.78,8779.36,11564.19794381
2020-02-27,8778.37,8974.75,8520.0,8816.5,9273.9036636
2020-02-28,8816.5,8900.94,8421.49,8703.84,6546.98122765
2020-02-29,8710.0,8805.06,8525.0,8527.74,2338.06785643
2020-03-01,8525.0,8756.11,8410.0,8528.95,4156.57173933
2020-03-02,8516.0,8980.34,8486.72,8917.34,6186.86088929
2020-03-03,8917.34,8921.8,8660.04,8755.45,4629.97228611
2020-03-04,8755.45,8850.0,8663.76,8753.28,3353.2325223
2020-03-05,8757.79,9169.0,8757.79,9066.65,6448.68567336
2020-03-06,9059.0,9187.85,8990.01,9153.79,4136.42339429
2020-03-07,9154.1,9219.13,8859.49,8893.93,2805.5915714
2020-03-08,8901.12,8901.12,7995.48,8033.7,9068.89040196
2020-03-09,8035.79,8191.13,7636.0,7936.25,12177.39425093
2020-03-10,7937.2,8158.42,7733.99,7885.92,8274.9537573
2020-03-11,7893.63,7988.78,7591.99,7934.57,7289.61145281
2020-03-12,7956.29,7969.9,4776.59,4841.67,58513.38918903
2020-03-13,4841.67,5990.35,3850.0,5622.74,54419.64133553
2020-03-14,5623.16,5663.01,5051.0,5169.37,15370.8681496
2020-03-15,5167.38,5965.77,5092.34,5343.64,16589.30386378
2020-03-16,5353.04,5353.04,4435.89,5033.42,34905.46359769
2020-03-17,5051.41,5569.9,4936.0,5324.99,17517.84242049
2020-03-18,5340.95,5452.43,5006.87,5406.92,22559.23112903
2020-03-19,5413.0,6433.98,5266.38,6181.18,24783.73487365
2020-03-20,6192.94,7139.0,5670.0,6210.14,30082.50248252
2020-03-21,6207.66,6461.91,5866.44,6187.78,11796.72656887
2020-03-22,6199.17,6419.0,5705.0,5813.15,10813.38456907
2020-03-23,5816.57,6629.79,5686.34,6493.51,19053.80456405
2020-03-24,6494.7,6893.0,6400.01,6768.64,19719.09402414
2020-03-25,6768.64,6989.04,6457.17,6692.22,16675.73512097
2020-03-26,6695.47,6798.89,6528.07,6760.72,7393.70723365
2020-03-27,6765.15,6872.67,6210.0,6376.03,10816.28556504
2020-03-28,6376.03,6376.03,6030.51,6253.08,11613.49398164
2020-03-29,6275.11,6278.24,5869.0,5870.9,9298.9390511
2020-03-30,5878.47,6630.0,5856.0,6407.77,14974.444163
2020-03-31,6408.95,6527.24,6337.42,6421.14,6342.29832651
2020-04-01,6428.74,6710.21,6137.71,6652.07,11319.14793815
2020-04-02,6669.95,7236.39,6575.13,6801.99,17212.82067331
2020-04-03,6789.63,7047.96,6610.0,6742.57,10570.10640235
2020-04-04,6737.36,7014.0,6655.54,6879.61,6018.51563233
2020-04-05,6887.22,6914.01,6678.51,6775.2,3981.97692417
2020-04-06,6780.57,7376.59,6773.75,7352.43,13683.03789416
2020-04-07,7335.85,7469.0,7077.0,7202.73,11669.01426524
2020-04-08,7204.78,7428.95,7152.0,7367.36,8720.21050049
2020-04-09,7370.85,7376.59,7107.38,7293.93,8324.9217727
2020-04-10,7299.12,7306.1,6750.15,6877.03,10727.86685616
2020-04-11,6866.03,6955.59,6771.24,6883.18,3326.67476213
2020-04-12,6882.75,7201.76,6790.74,6908.24,7264.51928043
2020-04-13,6908.21,6914.01,6542.91,6864.22,10837.57453223
2020-04-14,6864.66,6991.0,6766.96,6879.75,7275.68657382
2020-04-15,6868.88,6940.0,6598.55,6619.0,8109.73234254
2020-04-16,6619.0,7224.18,6472.67,7111.67,15726.69637377
2020-04-17,7121.35,7158.22,6995.39,7024.19,8539.61835086
2020-04-18,7020.13,7306.15,7020.13,7262.26,5102.50261952
2020-04-19,7265.94,7276.21,7057.46,7126.4,4662.19209244
2020-04-20,7124.27,7220.0,6757.75,6841.0,11365.00931766
2020-04-21,6833.0,6950.98,6774.48,6854.98,5570.95619043
2020-04-22,6850.6,7171.26,6819.59,7137.79,6273.40631495
2020-04-23,7138.29,7756.69,7031.07,7484.58,14779.54814354
2020-04-24,7494.2,7612.91,7391.57,7505.53,7357.10670681
2020-04-25,7518.81,7723.77,7432.8,7547.56,3800.82773036
2020-04-26,7565.0,7718.0,7485.0,7701.73,5247.54081807
2020-04-27,7708.87,7813.68,7637.03,7786.41,6878.02253788
2020-04-28,7794.22,7798.42,7650.0,7767.79,7248.9559695
2020-04-29,7762.07,8970.0,7717.14,8790.32,26396.09715679
2020-04-30,8789.79,9485.26,8407.0,8627.32,24057.73933525
2020-05-01,8629.72,9075.0,8616.17,8832.44,11379.68574201
2020-05-02,8836.0,9022.0,8760.0,8983.79,5524.26706572
2020-05-03,8982.56,9207.82,8723.78,8915.98,9218.274909
2020-05-04,8924.14,8974.34,8528.42,8882.87,10018.97499887
2020-05-05,8889.24,9120.0,8760.1,9034.85,9592.13446226
2020-05-06,9040.0,9417.95,8921.03,9154.32,15110.94181329
2020-05-07,9163.63,10074.0,9030.03,10000.0,25012.90031203
2020-05-08,10008.19,10048.38,9725.0,9801.35,19203.48379461
2020-05-09,9809.04,9914.0,9515.4,9546.56,11278.63371513
2020-05-10,9527.31,9565.2,8109.0,8731.17,31639.42874341
2020-05-11,8740.88,9182.97,8181.0,8571.98,34465.18657226
2020-05-12,8574.19,8984.87,8534.97,8825.46,14010.2612055
2020-05-13,8816.99,9418.46,8804.47,9315.5,12762.85161682
2020-05-14,9323.73,9945.34,9254.85,9793.5,19936.18545561
2020-05-15,9809.91,9844.66,9112.0,9306.21,17324.14460144
2020-05-16,9307.43,9590.0,9216.08,9389.07,6170.09609719
2020-05-17,9377.79,9894.88,9326.53,9665.7,9515.79358021
2020-05-18,9672.95,9966.12,9451.2,9721.91,12362.32763823
2020-05-19,9730.0,9903.89,9455.05,9787.65,12149.68534917
2020-05-20,9776.3,9843.87,9100.0,9516.51,12351.42817701
2020-05-21,9505.61,9573.29,8800.0,9062.47,16879.82890788
2020-05-22,9062.25,9272.97,8924.91,9171.96,7261.28419694
2020-05-23,9171.96,9316.12,9084.83,9183.46,3477.27850858
2020-05-24,9183.93,9310.91,8669.0,8718.77,8855.47763284
2020-05-25,8710.12,8984.16,8630.0,8903.56,8919.92378955
2020-05-26,8903.22,9012.0,8690.0,8840.91,5923.00523696
2020-05-27,8835.79,9230.21,8810.99,9210.0,6867.67101935
2020-05-28,9209.99,9625.01,9105.79,9577.38,11523.40889483
2020-05-29,9581.49,9610.0,9330.0,9421.04,7226.77389995
2020-05-30,9428.52,9758.27,9326.28,9705.1,6781.84196225
2020-05-31,9705.1,9711.7,9373.96,9446.19,5697.99838373
2020-06-01,9444.61,10429.26,9416.5,10203.64,12109.14149664
2020-06-02,10203.64,10241.26,9135.68,9525.73,22725.11942099
2020-06-03,9522.52,9699.95,9380.99,9668.99,6928.76322878
2020-06-04,9668.0,9888.0,9430.0,9791.92,8938.7688887
2020-06-05,9791.0,9856.48,9592.74,9619.99,7157.37095675
2020-06-06,9616.17,9744.39,9525.76,9669.85,4047.26924742
2020-06-07,9673.08,9829.31,9356.0,9750.04,6762.65158822
2020-06-08,9759.04,9813.67,9645.0,9783.0,5379.07801648
2020-06-09,9786.64,9897.46,9566.81,9776.84,6922.79788471
2020-06-10,9782.3,10011.4,9578.0,9894.32,7107.20140335
2020-06-11,9894.32,9981.24,9078.91,9264.26,16389.44455357
2020-06-12,9265.95,9555.0,9230.0,9463.07,6934.13533535
2020-06-13,9465.92,9500.0,9345.71,9473.46,2938.68222067
2020-06-14,9478.93,9479.59,9235.01,9329.99,3477.25235863
2020-06-15,9329.99,9505.4,8900.0,9435.15,11765.1135339
2020-06-16,9435.41,9596.31,9374.9,9530.3,6864.21822439
2020-06-17,9530.62,9566.53,9230.32,9461.29,5902.36636044
2020-06-18,9459.82,9478.69,9250.0,9374.78,3997.01284654
2020-06-19,9374.83,9429.99,9225.15,9304.32,5305.9077191
2020-06-20,9287.6,9400.0,9138.0,9355.46,3071.79384829
2020-06-21,9355.93,9421.26,9271.52,9283.03,1435.21189641
2020-06-22,9287.89,9798.76,9267.2,9683.12,6615.64540882
2020-06-23,9688.26,9725.3,9571.0,9622.81,4866.11470545
2020-06-24,9617.88,9666.35,9193.99,9286.06,10072.57541802
2020-06-25,9286.3,9343.49,8989.0,9239.48,8701.2461746
2020-06-26,9237.98,9289.71,9024.61,9158.26,7912.38375487
2020-06-27,9158.13,9189.0,8830.63,9009.3,4399.67602419
2020-06-28,9008.33,9191.72,8933.06,9118.01,3231.85728086
2020-06-29,9118.8,9240.36,9014.92,9188.88,4942.72533003
2020-06-30,9187.85,9201.95,9060.0,9132.96,2781.63125132
2020-07-01,9136.89,9300.0,9089.8,9233.38,4321.56559235
2020-07-02,9230.97,9268.54,8939.0,9092.92,6866.04897352
2020-07-03,9091.68,9127.11,9027.17,9063.08,3510.00353809
2020-07-04,9053.87,9196.0,9045.94,9138.52,2180.37237178
2020-07-05,9142.16,9147.37,8905.0,9076.82,3067.87780852
2020-07-06,9077.18,9376.34,9060.5,9348.22,5361.35284949
2020-07-07,9346.9,9385.81,9201.78,9257.16,4702.82565367
2020-07-08,9257.21,9479.57,9228.91,9437.16,6275.54666358
2020-07-09,9441.76,9448.5,9157.11,9234.9,4575.44853951
2020-07-10,9234.91,9318.92,9053.14,9283.53,3910.32678996
2020-07-11,9291.0,9304.95,9180.0,9238.3,1453.16535935
2020-07-12,9234.07,9347.76,9153.48,9306.17,2037.15363045
2020-07-13,9304.94,9351.17,9190.49,9233.1,3875.17319052
2020-07-14,9234.19,9282.08,9095.0,9251.59,4479.91060569
2020-07-15,9256.33,9276.98,9153.38,9190.07,3810.04841103
2020-07-16,9191.0,9217.5,9026.51,9132.87,5541.85389383
2020-07-17,9134.44,9184.28,9073.53,9156.5,3593.49712953
2020-07-18,9150.51,9214.63,9122.72,9177.43,1358.28531978
2020-07-19,9175.7,9243.36,9106.3,9211.99,1585.39916859
2020-07-20,9213.15,9224.73,9128.21,9162.43,3064.80739401
2020-07-21,9161.77,9442.89,9152.23,9391.25,5559.47430975
2020-07-22,9395.98,9573.0,9280.8,9539.51,5520.76262356
2020-07-23,9537.23,9690.0,9453.38,9617.2,10413.94384743
2020-07-24,9614.85,9650.55,9474.35,9547.91,8012.90509154
2020-07-25,9549.34,9751.82,9532.79,9710.98,5065.44989566
2020-07-26,9712.45,10200.0,9657.0,9944.65,9090.21430682
2020-07-27,9941.25,11417.11,9933.77,11046.19,27736.83221358
2020-07-28,11049.4,11263.85,10583.48,10939.27,17062.37380128
2020-07-29,10931.91,11358.47,10855.81,11111.17,12452.86303565
2020-07-30,11105.01,11189.0,10832.0,11112.12,10456.84804792
2020-07-31,11110.84,11457.95,10973.8,11356.74,10417.50746157
2020-08-01,11357.98,11883.36,11228.0,11817.49,11195.80752332
2020-08-02,11808.21,12100.0,10559.59,11071.66,12656.41102944
2020-08-03,11074.92,11480.0,10933.26,11236.39,6984.67078032
2020-08-04,11236.39,11420.0,11000.79,11192.42,5522.11051757
2020-08-05,11193.48,11795.86,11094.35,11755.24,7514.79142531
2020-08-06,11759.9,11913.5,11575.57,11770.08,9855.99436305
2020-08-07,11770.26,11920.0,11219.0,11600.85,10503.36174678
2020-08-08,11601.75,11817.95,11527.0,11776.9,3983.74888665
2020-08-09,11767.93,11808.28,11527.92,11683.03,2649.48917649
2020-08-10,11684.6,12080.0,11510.0,11895.12,7701.72806914
2020-08-11,11896.37,11945.05,11130.0,11392.64,10470.68807136
2020-08-12,11386.5,11625.0,11150.0,11565.35,5668.60180464
2020-08-13,11567.74,11806.61,11270.91,11793.26,6839.55121466
2020-08-14,11797.55,11862.0,11652.01,11779.77,5526.79649808
2020-08-15,11771.97,11986.93,11667.7,11852.2,3983.17592982
2020-08-16,11858.6,11938.55,11685.97,11914.02,2494.17000289
2020-08-17,11916.83,12473.0,11771.44,12298.38,9778.32856833
2020-08-18,12301.27,12408.53,11823.0,11958.1,8818.18784117
2020-08-19,11950.0,12022.18,11574.4,11757.55,9401.50118445
2020-08-20,11762.18,11894.12,11675.29,11859.37,4191.75792092
2020-08-21,11857.18,11887.67,11485.49,11531.74,6391.17972721
2020-08-22,11527.81,11694.02,11367.0,11667.7,3401.42192253
2020-08-23,11678.17,11715.09,11524.7,11644.65,1632.87091819
2020-08-24,11653.7,11832.55,11588.61,11761.8,2887.05808264
2020-08-25,11750.4,11772.22,11112.75,11328.88,7073.69374623
2020-08-26,11328.5,11549.8,11250.14,11469.3,4273.08016903
2020-08-27,11462.91,11602.92,11122.72,11330.0,7796.15569663
2020-08-28,11332.26,11555.61,11277.95,11536.58,6046.49746388
2020-08-29,11538.74,11592.0,11423.64,11471.71,2095.93600275
2020-08-30,11471.71,11715.69,11458.62,11708.97,2328.65701886
2020-08-31,11713.11,11780.0,11573.39,11655.0,4534.21810201
2020-09-01,11658.48,12065.82,11515.0,11923.96,7960.82238043
2020-09-02,11919.53,11956.45,11155.32,11398.44,13056.07287751
2020-09-03,11395.1,11477.35,9987.86,10160.0,18554.73121203
2020-09-04,10160.0,10646.75,9902.43,10456.32,17415.36005733
2020-09-05,10460.2,10567.9,9850.0,10167.19,12165.47308504
2020-09-06,10165.47,10353.39,10000.0,10260.17,5121.25180431
2020-09-07,10258.43,10415.66,9880.0,10377.14,8725.09203962
2020-09-08,10377.5,10446.18,9825.07,10123.96,10560.87470567
2020-09-09,10126.01,10353.39,9981.38,10232.8,5872.2195124
2020-09-10,10221.76,10495.75,10220.0,10342.59,10223.19117775
2020-09-11,10341.38,10409.44,10200.5,10393.04,5245.74244486
2020-09-12,10400.46,10482.42,10275.0,10443.33,2509.23983418
2020-09-13,10446.4,10576.78,10214.9,10334.78,4325.10556518
2020-09-14,10338.82,10765.03,10250.13,10675.15,7325.23245633
2020-09-15,10671.4,10940.01,10611.17,10783.83,6456.66295267
2020-09-16,10785.0,11100.0,10662.81,10951.54,8300.23983202
2020-09-17,10950.15,11054.0,10739.23,10940.47,5525.71740992
2020-09-18,10947.35,11040.18,10816.54,10931.2,4398.92439287
2020-09-19,10935.49,11183.01,10890.53,11077.22,2253.35153789
2020-09-20,11070.84,11079.25,10755.9,10923.5,3250.01749577
2020-09-21,10921.53,10996.98,10286.56,10411.29,9948.02125053
2020-09-22,10418.83,10573.05,10353.39,10534.31,4800.59855196
2020-09-23,10525.72,10541.39,10138.3,10233.42,5711.36066207
2020-09-24,10236.86,10795.53,10193.2,10744.02,6703.91881646
2020-09-25,10738.46,10762.65,10553.14,10689.81,6346.72379355
2020-09-26,10694.23,10830.0,10655.29,10729.09,2550.31630347
2020-09-27,10731.09,10807.14,10593.58,10780.66,2286.86162473
2020-09-28,10779.99,10950.0,10628.52,10689.48,4991.57062725
2020-09-29,10681.41,10865.0,10636.66,10836.42,4029.39173043
2020-09-30,10840.0,10847.5,10658.56,10778.22,4304.6226949
2020-10-01,10780.83,10940.22,10437.08,10622.71,8678.34728292
2020-10-02,10611.17,10667.53,10380.0,10578.54,8333.45852437
2020-10-03,10571.6,10605.79,10500.0,10553.66,1134.79775814
2020-10-04,10543.17,10699.88,10524.81,10669.63,1057.77530355
2020-10-05,10666.16,10805.82,10620.71,10795.0,3618.01529204
2020-10-06,10797.36,10801.86,10525.0,10606.33,4800.69513633
2020-10-07,10602.31,10682.56,10547.71,10669.14,5560.24913562
2020-10-08,10669.1,10957.0,10535.06,10925.2,6969.04085121
2020-10-09,10927.02,11118.49,10826.4,11052.0,5355.33959365
2020-10-10,11060.46,11496.06,11059.62,11301.2,3270.37027031
2020-10-11,11300.97,11447.44,11272.11,11372.93,2177.65085818
2020-10-12,11372.48,11731.7,11175.99,11535.98,7088.22778528
2020-10-13,11539.42,11567.4,11314.53,11427.98,5097.96082433
2020-10-14,11440.28,11555.1,11287.42,11428.84,3788.25075923
2020-10-15,11430.49,11623.6,11250.01,11511.11,4864.42955616
2020-10-16,11506.53,11548.65,11200.0,11321.86,4309.22448566
2020-10-17,11331.88,11415.48,11264.01,11365.8,1124.42019876
2020-10-18,11363.4,11526.34,11352.79,11519.97,1047.16869132
2020-10-19,11518.58,11840.0,11409.94,11764.14,5459.93398846
2020-10-20,11759.2,12059.94,11680.0,11921.11,5859.83732437
2020-10-21,11921.33,13235.0,11899.1,12802.67,20093.61486293
2020-10-22,12802.63,13208.25,12686.73,12983.26,9277.56218571
2020-10-23,12983.26,13037.26,12729.82,12941.59,4996.39791976
2020-10-24,12940.03,13182.83,12887.38,13122.73,2820.82333324
2020-10-25,13115.18,13363.53,12903.74,13039.09,3658.60280875
2020-10-26,13041.12,13250.0,12773.5,13066.73,5725.19571956
2020-10-27,13065.1,13788.0,13057.09,13647.9,11242.75450774
2020-10-28,13642.31,13864.89,12892.0,13274.73,10670.86461819
2020-10-29,13275.82,13650.0,12993.0,13468.44,8894.95694501
2020-10-30,13456.14,13675.56,13129.26,13562.13,8981.11986042
2020-10-31,13569.42,14100.0,13420.97,13816.08,6337.39292768
2020-11-01,13799.44,13907.47,13629.31,13762.0,2534.08581497
2020-11-02,13762.0,13842.5,13220.0,13563.72,7065.41110933
2020-11-03,13578.82,14083.76,13287.7,14041.58,7225.86635614
2020-11-04,14041.58,14277.5,13520.87,14160.59,10926.32680544
2020-11-05,14168.49,15770.58,14100.0,15605.04,18422.63186045
2020-11-06,15608.32,15968.98,15196.01,15598.09,13479.46706771
2020-11-07,15603.28,15778.6,14351.0,14838.97,10933.92419186
2020-11-08,14829.32,15664.9,14727.19,15489.15,5046.49916395
2020-11-09,15484.68,15854.48,14824.66,15332.04,14466.07953692
2020-11-10,15349.32,15482.76,15092.47,15313.65,8966.48171393
2020-11-11,15314.94,15991.01,15290.85,15707.89,10013.26427187
2020-11-12,15702.0,16369.99,15481.0,16300.0,16261.47118864
2020-11-13,16300.0,16494.52,15970.33,16335.58,7843.22421583
2020-11-14,16339.06,16341.89,15715.1,16086.34,5046.32670498
2020-11-15,16092.8,16170.0,15786.46,15975.49,3225.70533016
2020-11-16,15975.49,16894.93,15875.5,16724.62,7511.71484029
2020-11-17,16727.85,17868.0,16570.0,17680.63,9824.73852957
2020-11-18,17681.77,18483.0,17041.47,17785.95,15717.92072069
2020-11-19,17792.96,18189.97,17346.62,17825.47,10506.69646215
2020-11-20,17822.37,18824.88,17755.81,18687.65,10020.01351326
2020-11-21,18685.08,18977.0,18333.45,18725.0,5937.50536305
2020-11-22,18726.43,18770.55,17600.0,18435.2,6417.21771734
2020-11-23,18432.6,18786.31,18001.95,18383.35,9412.08722183
2020-11-24,18386.92,19442.13,18068.56,19160.85,13262.83116668
2020-11-25,19175.13,19490.0,18470.91,18732.43,8962.62225501
2020-11-26,18727.24,18911.04,16218.0,17160.09,21424.98655676
2020-11-27,17168.31,17471.89,16435.47,17154.39,8964.83242941
2020-11-28,17160.38,17896.03,16875.01,17741.79,4471.52202455
2020-11-29,17724.41,18352.47,17534.87,18192.03,3736.1591794
2020-11-30,18196.75,19864.15,18196.75,19700.19,10612.67092499
2020-12-01,19703.53,19918.01,18100.0,18771.43,11799.58943351
2020-12-02,18773.21,19346.9,18334.0,19226.55,6749.36401948
2020-12-03,19220.09,19621.0,18881.62,19448.4,6196.52507218
2020-12-04,19439.94,19552.5,18573.89,18673.76,6261.69674357
2020-12-05,18650.08,19185.17,18500.0,19162.16,2376.72322359
2020-12-06,19162.17,19418.39,18870.62,19380.58,2503.4542629
2020-12-07,19385.13,19431.0,18905.0,19173.5,4323.27044132
2020-12-08,19183.13,19300.55,18163.52,18316.43,5979.96623279
2020-12-09,18311.31,18654.92,17640.33,18556.64,8906.94524733
2020-12-10,18546.38,18562.13,17908.0,18250.3,6784.45549144
2020-12-11,18250.3,18290.43,17569.58,18040.02,6687.92267389
2020-12-12,18031.23,18956.46,18022.55,18815.63,3515.32704607
2020-12-13,18806.83,19416.64,18628.1,19162.36,4251.96121032
2020-12-14,19151.82,19346.9,18979.21,19274.33,3618.37690457
2020-12-15,19274.33,19567.84,19050.0,19434.87,6750.77219425
2020-12-16,19434.55,21576.76,19277.66,21365.7,14974.62184371
2020-12-17,21358.96,23777.0,21244.04,22814.24,22626.69253048
2020-12-18,22829.89,23284.68,22360.93,23136.14,11360.33890442
2020-12-19,23142.05,24217.38,22719.78,23842.99,8672.0376961
2020-12-20,23842.38,24298.04,23092.77,23470.85,5095.96264009
2020-12-21,23470.85,24123.83,21864.86,22732.01,12675.12801873
2020-12-22,22750.07,23843.21,22383.59,23835.1,9367.60948339
2020-12-23,23819.08,24096.9,22624.92,23247.71,11541.96937133
2020-12-24,23215.0,23779.14,22700.1,23726.28,7185.48205493
2020-12-25,23747.22,24777.0,23403.82,24705.15,6469.22897257
2020-12-26,24714.01,26809.5,24485.32,26466.28,7491.46184626
2020-12-27,26472.89,28377.94,25770.0,26259.6,13234.33412894
2020-12-28,26242.82,27473.49,26079.6,27037.91,7987.77761059
2020-12-29,27037.9,27395.0,25831.85,27370.0,9577.27829174
2020-12-30,27370.0,29010.32,27328.37,28881.3,11741.7333812
2020-12-31,28893.21,29300.0,27930.75,28992.79,9477.67661813
2021-01-01,28999.63,29700.0,28720.0,29402.64,8781.46555456
2021-01-02,29410.77,33333.0,29050.0,32216.53,17867.8788985
2021-01-03,32216.51,34800.0,31977.45,33097.83,14160.5812801
2021-01-04,33068.83,33669.76,27734.0,32005.88,22446.94000548
2021-01-05,32054.23,34500.0,29936.26,34039.05,14806.49650719
2021-01-06,34081.24,37050.83,33348.27,36849.94,19219.28788972
2021-01-07,36875.96,40402.46,36327.5,39510.49,23102.26120863
2021-01-08,39510.59,42000.0,36618.36,40667.07,22183.95174233
2021-01-09,40682.76,41422.77,38788.16,40239.06,8535.84731272
2021-01-10,40239.06,41450.0,34322.07,38173.73,16218.9974052
2021-01-11,38164.88,38261.39,30261.13,35455.58,40786.96425433
2021-01-12,35449.71,36639.23,32479.91,34035.02,18267.87445007
2021-01-13,34035.02,37800.0,32327.76,37393.49,13662.38751261
2021-01-14,37393.49,40112.78,36717.23,39134.35,10923.5047334
2021-01-15,39147.98,39694.0,34380.0,36756.57,13499.11727006
2021-01-16,36778.66,37944.12,35350.0,36000.0,7688.58269814
2021-01-17,36013.51,36839.0,33833.55,35819.25,6821.71255949
2021-01-18,35826.36,37449.86,34777.85,36616.95,6251.2145414
2021-01-19,36665.82,37874.71,35888.0,35917.62,6578.85825052
2021-01-20,35888.13,36440.1,33400.0,35496.91,12160.46753333
2021-01-21,35516.17,35620.96,30044.16,30818.18,21214.6412581
2021-01-22,30817.86,33864.85,28800.0,32992.06,17019.5834508
2021-01-23,32989.1,33468.46,31426.11,32117.49,5255.74586786
2021-01-24,32098.38,33075.75,30960.77,32288.83,4658.70962563
2021-01-25,32289.06,34888.0,31939.12,32261.22,10038.75547087
2021-01-26,32264.15,32953.28,30847.4,32504.53,11554.91101117
2021-01-27,32521.65,32580.12,29150.49,30424.62,22403.70666206
2021-01-28,30427.34,33870.58,29899.99,33484.87,17879.35697563
2021-01-29,33488.66,38620.0,31990.0,34249.64,31439.61903418
2021-01-30,34265.71,34931.39,32860.0,34323.0,7281.28566632
2021-01-31,34300.19,34380.21,32193.7,33141.38,4750.12315608
2021-02-01,33110.32,34736.1,32333.01,33532.74,8374.05662032
2021-02-02,33497.16,36008.67,33431.67,35522.16,7225.86501969
2021-02-03,35496.91,37732.87,35382.45,37691.63,8777.33287657
2021-02-04,37693.0,38748.52,36197.65,36996.32,11762.80234811
2021-02-05,36984.28,38359.69,36618.36,38320.0,5211.97488137
2021-02-06,38320.0,41025.48,38230.81,39282.1,8635.66020711
2021-02-07,39274.8,39727.44,37412.93,38858.39,5973.24016085
2021-02-08,38870.36,46712.12,38050.97,46416.45,19053.71343569
2021-02-09,46445.51,48216.09,45000.0,46505.2,12505.08248337
2021-02-10,46493.9,47364.09,43746.06,44854.63,9483.3289564
2021-02-11,44854.63,48696.84,44040.96,47981.48,9390.81635484
2021-02-12,48044.88,49000.0,46231.16,47395.84,5970.13590277
2021-02-13,47424.25,48220.0,46133.0,47228.48,4271.67215148
2021-02-14,47258.66,49714.66,47081.02,48662.5,5201.6939256
2021-02-15,48620.48,49048.82,45914.75,47942.57,6924.33408866
2021-02-16,47954.05,50602.53,47036.02,49166.53,8376.07608814
2021-02-17,49136.7,52640.0,48896.19,52174.28,9571.64796874
2021-02-18,52141.23,52566.98,50869.61,51579.54,6330.14291878
2021-02-19,51560.46,56399.99,50627.32,55988.58,9229.78250415
2021-02-20,56000.59,57553.81,54000.0,55936.04,5187.25046252
2021-02-21,55919.75,58354.14,55537.99,57492.91,3562.96950963
2021-02-22,57485.74,57564.19,47400.0,54173.65,17002.83273081
2021-02-23,54173.64,54196.58,44845.72,48887.93,17766.39814895
2021-02-24,48927.33,51459.51,47000.0,49754.0,8774.36674339
2021-02-25,49715.13,52079.16,46723.0,47088.58,7920.69294708
2021-02-26,47070.18,48476.62,44151.97,46314.83,8126.22740854
2021-02-27,46324.15,48365.31,45050.0,46109.98,3071.56836645
2021-02-28,46142.1,46659.88,43021.0,45240.96,6668.91811403
2021-03-01,45261.56,49831.52,45020.25,49629.33,8512.7594378
2021-03-02,49641.89,50250.0,47069.52,48516.35,4945.78880692
2021-03-03,48438.0,52652.82,48168.45,50379.68,6151.4871525
2021-03-04,50376.05,51817.54,47500.0,48360.5,5641.61213573
2021-03-05,48353.09,49471.24,46294.0,48739.21,5219.24690875
2021-03-06,48774.67,49200.0,47082.29,48904.63,2141.06029528
2021-03-07,48933.12,51477.53,48933.12,50967.3,2818.44991057
2021-03-08,50952.55,52427.8,49316.98,52427.8,4419.56113432
2021-03-09,52427.8,54939.26,51857.0,54929.02,5428.89224399
2021-03-10,54927.29,57402.89,53010.0,55852.29,6916.27818124
2021-03-11,55918.09,58155.99,54269.0,57772.09,6640.48776529
2021-03-12,57847.92,58098.5,55011.0,57271.04,5232.31057076
2021-03-13,57297.67,61781.83,56080.96,61165.19,6187.83400169
2021-03-14,61177.03,61700.0,58959.57,59016.39,3274.12215493
2021-03-15,58956.9,60595.13,54555.0,55644.37,7725.21404982
2021-03-16,55616.42,56950.0,53221.0,56908.34,7733.22669474
2021-03-17,56928.38,58968.8,54124.0,58901.8,5840.07702599
2021-03-18,58939.73,60083.25,57000.0,57648.05,5516.46389423
2021-03-19,57648.01,59450.95,56279.34,58072.0,3523.48233151
2021-03-20,58029.94,59957.0,57815.61,58138.39,2382.94564802
2021-03-21,58072.87,58632.52,55500.0,57381.79,3628.79780904
2021-03-22,57410.54,58461.78,53715.0,54070.92,6566.96696309
2021-03-23,54117.71,55866.44,52933.03,54361.57,4996.46365198
2021-03-24,54360.07,57207.33,51638.76,52287.52,6867.5643368
2021-03-25,52281.77,53271.59,50360.0,51326.11,6682.61740401
2021-03-26,51292.65,55114.86,51263.38,55081.37,4874.25111496
2021-03-27,55081.26,56686.15,53948.35,55839.42,2609.96757961
2021-03-28,55817.85,56573.04,54677.51,55790.92,2073.4491914
2021-03-29,55790.28,58402.68,54892.42,57600.1,5360.42566319
2021-03-30,57623.66,59388.66,57011.0,58760.59,3392.33861916
2021-03-31,58767.75,59816.17,56713.45,58782.58,4595.25252072
2021-04-01,58789.96,59490.0,57935.42,58728.53,2786.58091029
2021-04-02,58744.0,60103.04,58450.0,59003.6,2564.6000207
2021-04-03,58967.61,59801.39,56922.0,57064.42,1663.26835296
2021-04-04,57064.13,58501.0,56466.25,58212.18,1440.63181986
2021-04-05,58213.69,59280.0,56800.0,59125.0,2402.43713513
2021-04-06,59135.36,59473.9,57216.0,58018.3,2711.39784733
2021-04-07,58024.9,58668.0,55441.93,55932.83,5454.57661606
2021-04-08,55912.38,58145.49,55680.4,58096.6,4586.80685854
2021-04-09,58066.18,58890.25,57657.43,58109.56,2660.64809651
2021-04-10,58129.02,61222.22,57870.0,59766.93,3917.95081704
2021-04-11,59773.19,60679.0,59165.15,59979.26,1822.72044967
2021-04-12,59972.26,61234.56,59361.11,59831.66,3707.43645474
2021-04-13,59814.87,63769.0,59780.0,63564.48,5711.52676941
2021-04-14,63605.69,64895.22,61327.0,62986.09,6002.89354304
2021-04-15,62954.2,63855.37,61998.9,63239.19,3433.44934498
2021-04-16,63247.24,63580.4,60042.04,61436.24,5778.81668659
2021-04-17,61436.23,62596.48,59676.67,60032.29,3091.48365756
2021-04-18,60048.82,60433.81,51541.16,56280.6,12869.85937399
2021-04-19,56260.83,57633.0,54252.88,55694.55,5791.23906226
2021-04-20,55694.55,57119.0,53400.0,56503.19,5863.88283884
2021-04-21,56493.02,56850.0,53628.79,53806.24,4578.25708723
2021-04-22,53823.48,55491.8,50450.01,51683.95,7838.95634691
2021-04-23,51693.98,52131.34,47555.0,51176.65,11649.31918465
2021-04-24,51177.77,51227.38,48713.34,50118.94,3445.13658315
2021-04-25,50126.34,50608.94,47004.2,49128.43,4167.43570798
2021-04-26,49122.75,54404.78,48823.01,54073.41,6046.79682802
2021-04-27,54015.32,55519.37,53325.75,55091.39,4111.12521596
2021-04-28,55094.73,56500.0,53811.49,54901.97,4542.50992013
2021-04-29,54898.45,55239.33,52379.9,53593.97,4172.67670698
2021-04-30,53585.93,58008.0,53087.15,57775.27,4809.18204712
2021-05-01,57790.66,58549.0,57049.63,57851.91,2248.55545142
2021-05-02,57893.01,57967.01,56064.51,56622.66,1887.08427188
2021-05-03,56599.91,59000.0,56500.0,57222.37,3636.51735676
2021-05-04,57227.64,57250.85,53080.69,53236.84,5747.19401914
2021-05-05,53221.75,57976.62,52924.5,57509.93,5504.55788108
2021-05-06,57517.08,58420.83,55283.0,56447.39,5144.23317131
2021-05-07,56425.82,58743.85,55288.11,57381.73,4234.70954424
2021-05-08,57371.02,59564.24,56977.5,58984.75,2928.99345356
2021-05-09,58964.89,59300.62,56256.0,58305.24,2589.62561937
2021-05-10,58336.16,59603.0,53500.0,55880.72,6589.4271403
2021-05-11,55854.43,56972.33,54500.0,56763.7,4203.16906929
2021-05-12,56763.7,58021.26,48530.0,49386.56,6367.35410217
2021-05-13,49419.44,51420.72,45700.0,49694.96,9096.38363317
2021-05-14,49711.64,51572.0,48875.69,49880.43,4011.0819038
2021-05-15,49883.89,50710.93,46448.53,46708.89,3613.92837843
2021-05-16,46753.4,49800.0,43769.4,46444.75,5750.08326356
2021-05-17,46446.42,46648.5,42100.0,43593.39,12262.72268102
2021-05-18,43581.27,45872.05,42023.69,42877.75,6275.91387222
2021-05-19,42900.85,43601.63,30066.0,36780.43,32468.86397019
2021-05-20,36793.39,43000.0,35000.0,40640.9,14703.03041947
2021-05-21,40566.13,42297.89,33520.0,37335.16,13106.84060164
2021-05-22,37318.43,38887.99,35260.0,37500.54,5720.00562166
2021-05-23,37474.34,38311.74,31107.46,34706.79,9376.29208573
2021-05-24,34735.35,39960.0,34426.21,38839.86,10213.18324641
2021-05-25,38848.36,40000.0,36486.85,38397.72,5765.3472603
2021-05-26,38385.87,40904.0,37859.74,39309.56,4205.61283515
2021-05-27,39299.46,40429.47,37212.9,38503.47,4113.43820958
2021-05-28,38578.5,38905.12,34710.23,35692.46,6167.02059154
2021-05-29,35691.36,37348.01,33650.0,34632.08,4457.16762006
2021-05-30,34644.09,36516.99,33425.0,35677.72,2979.71977699
2021-05-31,35675.3,37540.96,34195.2,37341.41,4383.79233382
2021-06-01,37279.89,37927.44,35699.98,36693.3,4348.7544836
2021-06-02,36693.3,38256.3,35933.19,37589.36,4270.10341121
2021-06-03,37585.12,39490.0,37176.06,39219.88,4058.94293164
2021-06-04,39242.94,39277.36,35576.67,36887.32,5786.18608707
2021-06-05,36851.58,37927.93,34849.65,35532.14,4106.34880652
2021-06-06,35532.59,36510.58,35250.0,35808.85,2526.73361997
2021-06-07,35810.69,36808.3,33321.09,33582.62,4913.04022502
2021-06-08,33567.51,34085.61,31025.0,33411.69,9044.64846998
2021-06-09,33413.19,37556.25,32423.72,37400.0,8539.5873422
2021-06-10,37414.64,38446.24,35824.69,36707.54,5761.7248874
2021-06-11,36724.97,37680.65,35958.49,37341.11,3741.23051559
2021-06-12,37338.91,37445.55,34630.0,35542.76,3727.9523535
2021-06-13,35563.66,39386.43,34783.9,39013.76,3601.91766642
2021-06-14,39035.52,41050.0,38758.4,40532.79,6281.28059699
2021-06-15,40544.19,41341.57,39526.47,40171.47,4078.8019744
2021-06-16,40166.93,40506.59,38095.41,38353.99,4008.51296381
2021-06-17,38361.38,39553.05,37350.0,38097.68,3569.2526164
2021-06-18,38110.25,38208.68,35143.68,35840.0,4240.40486721
2021-06-19,35849.18,36440.0,34718.21,35507.06,3129.33472247
2021-06-20,35494.7,36125.0,33337.0,35589.77,3958.11811992
2021-06-21,35598.66,35763.8,31238.69,31634.16,8580.06222043
2021-06-22,31628.83,33315.85,28600.0,32545.26,9778.51694548
2021-06-23,32547.57,35000.0,31670.89,33652.28,5855.58129399
2021-06-24,33693.99,35289.0,32314.37,34649.32,4725.82718452
2021-06-25,34652.68,35517.22,31271.02,31597.75,5099.26353351
2021-06-26,31595.95,32714.46,30082.79,32269.38,3300.16005776
2021-06-27,32293.98,34772.94,32015.82,34699.5,3260.56534452
2021-06-28,34716.02,35357.13,33878.23,34487.11,3369.99371686
2021-06-29,34494.42,36623.79,34240.0,35907.93,3179.50783988
2021-06-30,35900.05,36099.82,34049.36,35037.23,3381.0453953
2021-07-01,35059.71,35071.34,32700.88,33564.21,3118.76325902
2021-07-02,33537.11,33981.51,32700.05,33811.56,2086.83881625
2021-07-03,33810.46,34959.72,33333.1,34688.3,1244.49692391
2021-07-04,34672.08,35960.0,34404.29,35289.21,1204.00371528
2021-07-05,35255.0,35258.7,33143.0,33704.21,2254.35340918
2021-07-06,33730.76,35100.49,33510.58,34244.09,2386.50511711
2021-07-07,34231.95,35059.02,33800.0,33882.47,1540.04244824
2021-07-08,33858.33,33943.02,32101.0,32898.79,2945.85492495
2021-07-09,32892.94,34115.44,32285.73,33826.43,1636.57507041
2021-07-10,33830.73,34261.04,33014.21,33517.6,1442.42483187
2021-07-11,33521.48,34635.82,33335.49,34258.53,1635.01765874
2021-07-12,34266.84,34677.0,32660.0,33105.0,1879.53733471
2021-07-13,33091.53,33340.0,32190.0,32728.0,1870.57403303
2021-07-14,32737.56,33111.72,31589.35,32823.55,2753.09806091
2021-07-15,32818.68,33179.0,31121.57,31848.65,2470.21303625
2021-07-16,31885.7,32264.53,31012.93,31388.17,1912.46866725
2021-07-17,31376.3,31950.0,31176.66,31529.68,1550.07201059
2021-07-18,31509.33,32440.98,31100.0,31776.65,1256.54606075
2021-07-19,31794.49,31881.71,30400.0,30829.29,2506.27744084
2021-07-20,30822.08,31068.62,29296.39,29786.58,3413.24206454
2021-07-21,29792.99,32875.42,29500.0,32138.45,4842.16399723
2021-07-22,32115.82,32609.83,31703.15,32300.88,2392.46948134
2021-07-23,32306.98,33684.17,32000.0,33684.17,1976.38421775
2021-07-24,33685.0,34534.32,33419.31,34301.78,1440.46627864
2021-07-25,34301.86,35448.97,33874.03,35428.28,2063.49425027
2021-07-26,35438.93,40581.3,35282.7,37291.24,8840.39875048
2021-07-27,37271.44,39539.5,36386.19,39475.41,5896.66715588
2021-07-28,39446.94,40927.53,38786.8,40036.32,3943.47800378
2021-07-29,40024.8,40662.8,39239.95,40037.51,2306.03838571
2021-07-30,40045.21,42335.5,38331.37,42234.89,3651.71579023
2021-07-31,42236.72,42411.32,41007.51,41490.13,1507.86822076
2021-08-01,41489.16,42614.85,39424.27,39839.0,2042.01706796
2021-08-02,39875.2,40459.31,38687.62,39165.55,2407.96526999
2021-08-03,39157.52,39792.83,37639.0,38177.07,3279.64493738
2021-08-04,38173.75,39973.94,37481.0,39741.12,4080.83535873
2021-08-05,39742.77,41401.96,37300.0,40894.67,5804.4070686
2021-08-06,40893.77,43381.0,39879.47,42856.59,2937.38483944
2021-08-07,42857.09,44763.14,42251.0,44612.94,4886.93838098
2021-08-08,44624.4,45355.0,43298.84,43858.42,3647.1306298
2021-08-09,43836.05,46529.02,42811.26,46292.89,4961.58828106
2021-08-10,46282.3,46759.0,44643.0,45609.7,2390.08850832
2021-08-11,45596.21,46787.6,45353.02,45539.85,2606.12636675
2021-08-12,45536.8,46236.7,43800.02,44444.45,2463.50628392
2021-08-13,44413.35,47929.18,44253.97,47860.58,2934.74203072
2021-08-14,47855.0,48190.0,46000.0,47119.73,1908.95141153
2021-08-15,47130.97,47424.0,45500.27,47028.3,1726.79562797
2021-08-16,47024.96,48075.22,45654.14,45930.51,2410.15099528
2021-08-17,45930.48,47183.37,44417.51,44694.35,3286.2732645
2021-08-18,44631.47,46041.62,44218.73,44721.13,2247.93415783
2021-08-19,44734.16,47114.99,43935.54,46764.3,2776.2376849
2021-08-20,46759.29,49436.1,46645.77,49356.0,2815.55159523
2021-08-21,49332.31,49833.02,48300.0,48884.34,1768.24156609
2021-08-22,48883.84,49540.01,48080.17,49301.86,985.76533304
2021-08-23,49296.71,50562.11,49010.0,49561.37,2419.86814706
2021-08-24,49516.08,49893.5,47593.66,47731.33,2217.80305724
2021-08-25,47670.8,49273.93,47100.0,49011.75,1902.72053396
2021-08-26,49022.39,49387.6,46309.33,46856.29,2091.1098261
2021-08-27,46857.86,49187.0,46363.0,49100.49,1943.55725598
2021-08-28,49100.49,49325.0,48244.88,48935.36,692.70588551
2021-08-29,48947.1,49666.0,47798.29,48808.72,1044.48189034
2021-08-30,48782.56,48915.29,46855.41,47003.44,1676.48255108
2021-08-31,46969.05,48270.33,46699.0,47156.09,2239.1677032
2021-09-01,47118.02,49134.0,46532.42,48853.49,2194.6300788
2021-09-02,48830.93,50390.0,48625.0,49274.79,2267.93197524
2021-09-03,49284.93,51050.0,48351.6,50025.04,2226.78294854
2021-09-04,50033.5,50570.94,49388.26,49943.16,869.28839285
2021-09-05,49965.32,51900.0,49500.0,51809.28,986.487083
2021-09-06,51809.28,52810.0,51024.32,52708.2,2057.32862241
2021-09-07,52719.43,52956.47,42900.01,46866.82,6811.92218815
2021-09-08,46894.3,47386.72,44436.93,46091.94,3309.09834404
2021-09-09,46070.43,47419.95,45550.0,46392.81,2595.98696952
2021-09-10,46368.11,47029.08,44125.0,44857.38,2392.57110617
2021-09-11,44858.2,45993.32,44767.75,45176.66,906.80620376
2021-09-12,45162.96,46491.63,44752.96,46035.0,1015.76215832
2021-09-13,46039.42,46895.82,43400.0,44974.34,2308.42207379
2021-09-14,44983.77,47273.38,44704.18,47103.18,1643.95662405
2021-09-15,47123.81,48465.77,46702.26,48150.94,1307.24871087
2021-09-16,48188.12,48505.0,47035.0,47760.64,1886.04173385
2021-09-17,47773.44,48179.0,46712.14,47305.18,1558.52317573
2021-09-18,47316.21,48834.0,47052.9,48326.74,1452.50623073
2021-09-19,48307.05,48389.52,46860.0,47245.25,999.59599085
2021-09-20,47257.86,47334.54,42453.97,43035.99,4240.48541968
2021-09-21,43003.07,43643.34,39573.21,40596.54,5961.58790269
2021-09-22,40702.07,44031.85,40580.18,43589.53,3040.94514066
2021-09-23,43586.0,45013.17,43105.0,44903.5,2317.75578384
2021-09-24,44893.7,45159.9,40693.27,42848.5,4348.92828394
2021-09-25,42835.88,43010.69,41689.6,42722.19,879.19677382
2021-09-26,42699.1,43956.38,40808.0,43204.73,1659.78466242
2021-09-27,43162.82,44377.7,42130.0,42189.81,1936.64957217
2021-09-28,42154.87,42778.93,40888.0,41049.0,2246.85357977
2021-09-29,41024.21,42595.93,40750.0,41542.9,1804.77808474
2021-09-30,41537.56,44117.74,41427.87,43834.43,2614.50420927
2021-10-01,43835.47,48500.0,43291.07,48171.86,3446.87226506
2021-10-02,48185.61,48361.83,47468.15,47685.8,1361.84402667
2021-10-03,47644.63,49225.55,47119.87,48235.93,1164.6029687
2021-10-04,48231.04,49530.53,46900.0,49242.14,2737.78053315
2021-10-05,49283.89,51914.68,49075.0,51501.19,2206.59644303
2021-10-06,51521.89,55800.0,50428.64,55345.79,4441.90271751
2021-10-07,55360.1,55360.32,53289.57,53787.6,2349.70121453
2021-10-08,53816.16,56168.0,53623.02,53957.21,2217.75513685
2021-10-09,53952.82,55512.05,53674.69,54976.92,1061.02324334
2021-10-10,54984.49,56561.0,51000.0,54714.95,1735.42193508
2021-10-11,54657.0,57855.79,54462.45,57485.2,1955.78560334
2021-10-12,57490.0,57701.0,53909.0,55995.49,3224.83970306
2021-10-13,56004.61,57773.89,54231.0,57374.55,3359.69683046
2021-10-14,57395.84,58550.0,56830.56,57371.58,1879.45401231
2021-10-15,57370.48,62944.94,56877.0,61657.35,4205.4230703
2021-10-16,61703.45,62352.0,60100.27,60870.26,1263.44800176
2021-10-17,60885.27,61712.0,58933.0,61538.97,1261.12996084
2021-10-18,61519.52,62679.0,59013.0,62034.65,5754.5518416
2021-10-19,62014.99,64499.0,61350.0,64241.61,3253.73979225
2021-10-20,64282.2,67016.5,63529.0,65990.31,3070.68430005
2021-10-21,66027.81,66664.1,61850.0,62219.44,3891.52853281
2021-10-22,62207.51,63757.28,59953.74,60702.68,3159.42528548
2021-10-23,60698.54,61737.38,59633.61,61338.76,1056.07965827
2021-10-24,61306.64,61497.33,59510.0,60910.16,1204.84773547
2021-10-25,60883.96,63733.93,60670.0,63101.43,1730.14621615
2021-10-26,63101.43,63299.3,59830.0,60328.22,1965.54522515
2021-10-27,60331.4,61489.0,58100.01,58465.9,3479.73809611
2021-10-28,58471.06,62524.0,56425.0,60592.76,3769.75506439
2021-10-29,60608.95,62971.54,60154.53,62301.59,3884.64236172
2021-10-30,62278.92,62376.32,60660.02,61932.3,1542.31917477
2021-10-31,61904.96,62438.85,60000.0,61359.44,1548.12901591
2021-11-01,61356.57,62500.0,59500.0,60922.85,2507.39797107
2021-11-02,60949.78,64300.0,60669.91,63260.0,3336.52681752
2021-11-03,63260.0,63567.21,60018.46,62930.72,2148.47086339
2021-11-04,62945.38,63136.82,60725.0,61457.25,1507.54272229
2021-11-05,61430.02,62666.52,60769.17,61031.91,1569.40792218
2021-11-06,61008.19,61609.5,60109.91,61542.44,1268.5118197
2021-11-07,61542.43,63300.0,61396.57,63300.0,1115.66885061
2021-11-08,63300.0,67803.55,63300.0,67559.0,2715.42386367
2021-11-09,67547.49,68564.4,66250.0,66945.72,2136.85836086
2021-11-10,66928.42,69000.0,62856.71,64921.43,3419.11869317
2021-11-11,64919.18,65625.44,64140.0,64821.33,1583.28379977
2021-11-12,64783.13,65497.53,62294.84,64158.41,2519.30730563
2021-11-13,64140.23,64980.0,63400.0,64417.52,830.13101807
2021-11-14,64403.43,65509.87,63595.76,65509.87,1247.88451724
2021-11-15,65509.87,66387.4,63348.91,63606.09,2000.8236224
2021-11-16,63621.61,63628.0,58563.0,60142.31,4632.77331708
2021-11-17,60115.12,60888.5,58400.0,60373.65,3716.81055911
2021-11-18,60376.94,60978.39,56516.44,56917.66,6160.70975752
2021-11-19,56924.94,58402.05,55640.0,58128.55,3277.02585927
2021-11-20,58126.46,59896.54,57424.27,59768.54,1172.15930996
2021-11-21,59785.85,60090.55,58525.84,58678.47,895.6750948
2021-11-22,58679.27,59516.78,55628.57,56294.11,2943.16337271
2021-11-23,56283.8,57897.54,55128.6,57579.99,2732.08480061
2021-11-24,57583.91,57750.2,55894.62,57185.06,1809.45432912
2021-11-25,57169.19,59445.45,57044.42,58990.14,1362.17480499
2021-11-26,59004.88,59207.36,53524.03,53789.35,5221.84056738
2021-11-27,53794.32,55382.0,53653.45,54774.66,1360.56586778
2021-11-28,54764.24,57482.42,53308.93,57338.55,1377.55454862
2021-11-29,57327.32,58931.07,56750.0,57845.12,2069.734969
2021-11-30,57843.33,59250.0,55918.8,56974.12,3562.71762735
2021-12-01,57027.28,59099.64,56469.22,57251.59,2515.54071956
2021-12-02,57232.71,57413.52,55839.85,56547.96,2758.14469791
2021-12-03,56534.26,57652.0,51556.01,53743.69,2964.76818531
2021-12-04,53685.47,53877.77,41967.5,49234.97,10025.68966854
2021-12-05,49240.81,49777.62,47836.34,49463.22,5156.66613697
2021-12-06,49484.0,50986.0,47111.0,50555.0,4652.11767659
2021-12-07,50550.09,51991.0,50062.13,50627.32,1719.31761862
2021-12-08,50635.87,51249.41,48656.2,50543.3,1598.43571319
2021-12-09,50535.15,50839.01,47332.43,47593.12,2585.43270776
2021-12-10,47573.43,50132.88,46886.0,47142.42,2705.17070403
2021-12-11,47179.53,49539.4,46789.0,49400.54,1323.03955982
2021-12-12,49420.51,50800.0,48675.0,50124.38,1233.78838616
2021-12-13,50102.31,50226.2,45750.0,46725.02,3337.44792896
2021-12-14,46736.7,48689.3,46310.4,48389.96,2016.58981458
2021-12-15,48386.95,49514.85,46560.0,48876.84,2593.35180959
2021-12-16,48876.84,49449.0,47506.21,47663.42,1456.25725801
2021-12-17,47654.99,48018.52,45478.74,46210.92,2077.28024679
2021-12-18,46141.63,47370.14,45501.0,46881.87,827.39374258
2021-12-19,46854.18,48307.34,46450.0,46704.67,1275.49937089
2021-12-20,46671.66,47547.5,45572.94,46915.0,1726.01603262
2021-12-21,46926.72,49353.49,46667.08,48929.86,1674.16446918
2021-12-22,48907.75,49600.0,48449.87,48618.99,1306.16574192
2021-12-23,48618.99,51386.66,48051.1,50850.0,1715.35802664
2021-12-24,50850.0,51864.56,50442.34,50841.48,1446.08883091
2021-12-25,50857.42,51179.36,50190.9,50442.22,823.04872916
2021-12-26,50421.51,51292.65,49458.85,50791.21,1015.22197466
2021-12-27,50885.32,52098.6,50479.44,50718.11,1102.98343745
2021-12-28,50708.05,50719.59,47300.0,47543.3,2215.26863352
2021-12-29,47597.7,48157.41,46099.94,46483.36,2089.30815829
2021-12-30,46474.59,47916.32,45934.37,47150.71,2162.27044303
2021-12-31,47110.3,48589.47,45655.31,46214.37,1798.55260406
2022-01-01,46230.0,47960.98,46199.9,47777.42,741.52060313
2022-01-02,47745.25,47989.0,46660.0,47350.22,702.0947554
2022-01-03,47290.55,47586.58,45692.13,46439.89,1140.17908832
2022-01-04,46464.01,47526.0,45539.05,45820.0,1832.61283694
2022-01-05,45828.77,46855.06,42413.59,43435.8,3397.54577759
2022-01-06,43417.31,43782.86,42414.0,43097.6,2450.1130935
2022-01-07,43093.4,43135.35,40600.0,41535.66,2984.20586087
2022-01-08,41576.73,42315.31,40517.05,41690.77,1581.47361959
2022-01-09,41697.32,42796.49,41200.0,41875.81,1532.58823403
2022-01-10,41853.98,42256.55,39558.7,41845.42,3494.01378649
2022-01-11,41842.22,43144.74,41284.11,42736.0,2442.65415081
2022-01-12,42754.44,44337.26,42471.17,43933.5,2502.76210107
2022-01-13,43935.01,44456.34,42321.0,42571.94,1993.88324273
2022-01-14,42579.44,43468.95,41782.21,43102.35,1386.83275834
2022-01-15,43085.76,43826.8,42387.86,43102.01,707.65852297
2022-01-16,43084.77,43495.59,42615.0,43107.7,621.95302734
2022-01-17,43099.08,43209.47,41581.0,42255.07,1060.00938797
2022-01-18,42230.09,42685.25,41290.06,42377.4,1638.87085963
2022-01-19,42378.23,42589.9,41145.23,41683.21,1664.70405269
2022-01-20,41733.21,43518.69,40554.14,40736.05,2425.15260695
2022-01-21,40654.72,41115.58,35423.0,36495.46,6201.04610092
2022-01-22,36447.37,36825.98,34000.0,35091.11,4510.37218636
2022-01-23,35084.79,36574.47,34624.59,36293.62,2533.70397599
2022-01-24,36262.21,38050.0,32950.72,36724.99,6335.15428027
2022-01-25,36721.59,37552.3,35722.43,36975.91,2793.69107911
2022-01-26,37006.76,38946.0,36279.21,36829.32,3663.15557069
2022-01-27,36824.02,37251.0,35511.32,37208.36,3103.82301099
2022-01-28,37179.62,38022.11,36173.98,37748.36,2420.65410706
2022-01-29,37713.14,38741.67,37327.79,38192.65,1296.90892268
2022-01-30,38176.45,38378.88,37372.59,37941.82,708.79481272
2022-01-31,37914.1,38776.33,36631.66,38491.92,2009.13000337
2022-02-01,38483.56,39285.0,38033.78,38733.04,2073.9387171
2022-02-02,38768.08,38883.96,36618.36,36923.5,1672.70719509
2022-02-03,36924.5,37391.74,36264.55,37320.11,1624.39014671
2022-02-04,37330.75,41760.39,37064.28,41579.57,3901.59890405
2022-02-05,41608.82,41983.12,40975.0,41427.72,1892.23797403
2022-02-06,41422.7,42701.86,41141.81,42420.24,854.67571444
2022-02-07,42420.24,44524.18,41682.11,43869.04,2601.46944039
2022-02-08,43895.6,45501.0,42701.19,44091.56,2591.80146351
2022-02-09,44106.95,44865.72,43164.0,44426.84,1625.88352507
2022-02-10,44426.24,45850.0,43209.07,43524.6,2692.62339808
2022-02-11,43540.15,43969.72,41983.12,42406.19,2170.37239741
2022-02-12,42392.22,43034.0,41740.06,42241.11,892.34533043
2022-02-13,42232.68,42779.6,41882.54,42077.74,515.45574228
2022-02-14,42078.53,42871.68,41575.0,42540.3,1270.88651697
2022-02-15,42567.27,44785.66,42469.96,44582.48,1772.92325828
2022-02-16,44590.75,44590.75,43312.83,43901.48,1251.8335942
2022-02-17,43901.49,44204.78,40088.88,40556.11,2437.49036088
2022-02-18,40532.66,40996.31,39450.0,39996.99,2212.7149201
2022-02-19,40008.75,40471.27,39587.08,40109.02,695.654296
2022-02-20,40108.62,40151.62,37974.18,38373.9,1283.5115474
2022-02-21,38384.09,39494.11,36810.72,37076.6,3501.42036418
2022-02-22,37036.98,38463.88,36368.99,38269.94,2388.75903515
2022-02-23,38269.94,39303.24,37060.16,37274.18,1778.27525833
2022-02-24,37253.26,39720.0,34324.05,38376.88,6302.85095659
2022-02-25,38360.93,39727.97,38027.61,39231.64,2202.85182731
2022-02-26,39242.64,40330.99,38600.0,39146.66,912.7240869
2022-02-27,39146.66,39886.92,37015.74,37712.68,1701.81704307
2022-02-28,37717.1,44256.08,37468.99,43178.98,3160.61807044
2022-03-01,43221.71,44981.22,42847.85,44443.96,2831.29722228
2022-03-02,44443.98,45332.38,43350.0,43936.72,2043.55683949
2022-03-03,43936.73,44118.53,41832.34,42476.26,2253.43076958
2022-03-04,42476.25,42540.57,38590.95,39175.56,2493.65743037
2022-03-05,39170.19,39620.3,38600.3,39416.79,806.91142871
2022-03-06,39390.31,39701.0,38100.0,38438.89,1194.37373381
2022-03-07,38404.97,39557.26,37169.52,38016.47,1949.69691981
2022-03-08,38002.23,39377.0,37885.05,38753.65,1864.90461382
2022-03-09,38761.13,42591.68,38667.65,41960.02,1980.29362461
2022-03-10,41952.13,42053.95,38545.19,39444.45,2506.23482676
2022-03-11,39433.48,40237.22,38244.76,38729.79,2063.22335158
2022-03-12,38729.79,39458.58,38653.89,38822.02,962.85566586
2022-03-13,38798.68,39312.5,37595.62,37790.54,737.88013225
2022-03-14,37763.37,39913.42,37567.19,39665.71,1439.76768221
2022-03-15,39688.55,39896.13,38142.35,39302.7,1638.68402951
2022-03-16,39302.8,41693.97,38865.67,41142.76,5987.10388902
2022-03-17,41142.76,41497.24,40449.06,40963.22,1657.76165332
2022-03-18,40963.22,42362.0,40068.88,41794.37,2125.12318171
2022-03-19,41781.96,42405.01,41553.88,42235.31,976.88885105
2022-03-20,42240.43,42324.06,40930.2,41242.14,1061.35307364
2022-03-21,41293.19,41588.7,40516.86,41043.14,1779.49806583
2022-03-22,41018.36,43337.41,40901.13,42393.41,2375.4246535
2022-03-23,42393.62,43021.73,41779.11,42925.41,1906.72354645
2022-03-24,42912.21,44240.0,42636.54,44025.99,2173.30497451
2022-03-25,44025.99,45137.12,43616.88,44320.6,1725.0715699
2022-03-26,44340.49,44815.31,44101.0,44535.65,494.7242021
2022-03-27,44553.24,46950.0,44456.9,46864.39,1548.88890527
2022-03-28,46854.96,48234.0,46672.25,47152.38,2691.93784761
2022-03-29,47152.38,48128.87,46941.84,47459.03,1716.32392308
2022-03-30,47459.03,47721.41,46572.15,47068.08,1627.54321756
2022-03-31,47086.07,47624.18,45234.0,45517.27,1372.96510736
2022-04-01,45522.53,46739.81,44244.0,46307.81,1953.21952857
2022-04-02,46306.38,47218.17,45650.0,45820.28,724.30875007
2022-04-03,45820.28,47458.48,45565.64,46401.57,1063.6287324
2022-04-04,46414.88,46891.17,45124.79,46598.2,1496.64154125
2022-04-05,46514.43,47201.0,45342.33,45502.73,1127.69043708
2022-04-06,45512.95,45548.77,43086.8,43191.59,3073.55689716
2022-04-07,43172.83,43896.45,42741.52,43454.53,1381.67737796
2022-04-08,43467.82,43986.09,42120.0,42290.11,1453.744661
2022-04-09,42258.22,42807.63,42131.51,42767.89,525.17354399
2022-04-10,42774.85,43450.72,41888.88,42133.85,862.61310467
2022-04-11,42159.45,42415.57,39218.15,39524.86,2288.47921183
2022-04-12,39545.37,40691.01,39273.65,40097.46,2111.92057359
2022-04-13,40099.51,41557.61,39584.86,41147.74,1563.48448746
2022-04-14,41159.29,41504.29,39582.53,39961.53,1169.49381805
2022-04-15,39962.6,40869.99,39788.97,40563.18,752.39943803
2022-04-16,40576.41,40701.0,40014.79,40395.67,365.72624783
2022-04-17,40379.81,40602.69,39565.68,39691.27,485.0037186
2022-04-18,39660.62,41101.0,38547.12,40814.6,2421.08185584
2022-04-19,40814.6,41754.05,40578.58,41505.77,1457.11081239
2022-04-20,41476.89,42220.04,40893.21,41375.85,1359.54131303
2022-04-21,41378.77,42978.95,39770.0,40470.76,2163.31405365
2022-04-22,40497.0,40808.66,39197.64,39726.03,2136.9997712
2022-04-23,39700.55,39983.98,39301.0,39421.59,398.24448783
2022-04-24,39438.51,39944.65,38987.0,39467.4,663.70417243
2022-04-25,39464.67,40602.85,38202.91,40441.11,2220.04402771
2022-04-26,40452.52,40800.0,37701.0,38137.67,2909.72251989
2022-04-27,38105.68,39494.73,37885.75,39256.05,1769.00930667
2022-04-28,39254.4,40387.0,38880.44,39754.2,1842.00508443
2022-04-29,39753.28,39923.61,38174.27,38593.42,1600.89916681
2022-04-30,38599.3,38786.95,37597.36,37639.8,728.27961992
2022-05-01,37638.78,38672.2,37400.0,38488.34,1248.04269032
2022-05-02,38484.46,39153.13,38045.79,38521.01,1434.10079893
2022-05-03,38506.38,38641.57,37515.83,37729.95,1157.92207652
2022-05-04,37735.35,40050.19,37665.46,39685.23,2297.27213438
2022-05-05,39685.23,39840.37,35579.4,36533.93,3736.73012912
2022-05-06,36542.41,36648.2,35268.69,36019.22,2594.53333069
2022-05-07,36019.15,36123.99,34777.85,35463.46,1224.39699253
2022-05-08,35465.46,35496.55,33710.16,34025.5,2670.39981616
2022-05-09,34051.2,34224.35,30015.0,30082.0,7631.12166167
2022-05-10,30066.48,32650.0,29731.03,30999.97,7402.30231296
2022-05-11,31002.27,32148.15,27757.77,29000.0,11180.84883589
2022-05-12,28999.99,30090.7,25401.05,28896.19,16578.810599
2022-05-13,28932.69,30974.6,28686.37,29238.81,6010.27363922
2022-05-14,29239.41,30281.49,28561.23,30033.96,2910.99216303
2022-05-15,30041.16,31411.48,29440.71,31295.03,2085.06630084
2022-05-16,31275.27,31275.27,29060.0,29832.45,3112.79429009
2022-05-17,29847.53,30753.96,29400.0,30425.36,2143.92566327
2022-05-18,30423.9,30670.0,28615.23,28681.26,2318.15544994
2022-05-19,28681.15,30505.14,28656.46,30290.33,2516.77484526
2022-05-20,30271.22,30725.56,28690.13,29176.7,2337.17319044
2022-05-21,29176.7,29621.01,28914.7,29421.05,490.42738451
2022-05-22,29400.34,30457.58,29209.03,30264.66,1318.89417974
2022-05-23,30264.66,30628.0,28839.29,29081.76,2158.65047198
2022-05-24,29081.76,29810.38,28632.4,29632.15,1490.23613231
2022-05-25,29626.53,30189.7,29313.78,29510.15,1563.30877003
2022-05-26,29511.95,29853.34,28003.0,29183.06,2835.00522362
2022-05-27,29183.39,29360.34,28253.57,28589.48,2109.94198208
2022-05-28,28606.08,29231.9,28498.73,29010.82,721.5469467
2022-05-29,29010.82,29561.04,28814.46,29448.94,909.19180016
2022-05-30,29454.69,32195.68,29276.15,31731.22,3257.5487365
2022-05-31,31677.13,32375.81,31181.26,31762.76,1621.62249868
2022-06-01,31777.06,31962.79,29309.84,29787.4,2629.80184718
2022-06-02,29791.96,30688.82,29568.13,30437.18,1226.29074296
2022-06-03,30437.77,30670.07,29232.99,29669.39,1151.14514737
2022-06-04,29688.17,29948.84,29444.21,29853.51,472.40386055
2022-06-05,29834.06,30153.18,29514.96,29888.98,563.06294053
2022-06-06,29905.46,31737.31,29868.16,31351.21,2494.10424691
2022-06-07,31351.1,31536.11,29184.25,31115.82,3672.30493412
2022-06-08,31108.3,31310.53,29831.85,30185.58,1909.67240307
2022-06-09,30190.31,30672.56,29920.56,30089.03,953.92926451
2022-06-10,30068.53,30333.81,28832.83,29065.66,2545.34126907
2022-06-11,29065.66,29403.62,28085.75,28390.94,1587.1952467
2022-06-12,28397.38,28523.06,26500.0,26585.1,2588.83347441
2022-06-13,26538.63,26845.63,21910.26,22450.43,12621.88318574
2022-06-14,22407.53,23288.88,20816.35,22097.3,8576.80050998
2022-06-15,22077.83,22756.0,20079.72,22555.27,13481.53959307
2022-06-16,22563.82,22957.01,20200.0,20382.88,4889.1243038
2022-06-17,20387.66,21325.06,20220.16,20440.7,3615.09731757
2022-06-18,20428.19,20758.0,17592.78,18956.8,7958.38532206
2022-06-19,18952.14,20783.48,17930.7,20552.82,5100.88311828
2022-06-20,20557.2,21036.89,19616.1,20555.44,5112.85052521
2022-06-21,20555.44,21708.76,20332.07,20712.29,3543.16812013
2022-06-22,20710.01,20863.44,19743.99,19963.68,4210.49538322
2022-06-23,19977.24,21204.14,19869.63,21093.42,2677.89902823
2022-06-24,21102.75,21538.4,20713.77,21215.42,2444.77217091
2022-06-25,21229.66,21586.67,20890.0,21486.8,1196.38466227
2022-06-26,21486.67,21868.0,20968.85,21028.69,1437.60709463
2022-06-27,21029.19,21516.85,20491.28,20699.72,1648.58803237
2022-06-28,20722.27,21178.73,20176.0,20261.34,2048.6845194
2022-06-29,20253.88,20398.99,19827.0,20093.18,1605.32356204
2022-06-30,20098.0,20131.06,18595.6,19924.89,4907.84854025
2022-07-01,19960.61,20895.08,18944.69,19239.47,4424.08855864
2022-07-02,19263.41,19425.08,18960.0,19228.25,1478.97411836
2022-07-03,19232.76,19616.43,18763.96,19294.46,1438.93649433
2022-07-04,19296.88,20319.88,19032.44,20209.53,2016.0820069
2022-07-05,20209.02,20720.0,19281.82,20168.63,2882.22647228
2022-07-06,20164.65,20648.76,19750.16,20547.45,2093.38193195
2022-07-07,20546.29,21847.25,20237.58,21643.56,3422.57159508
2022-07-08,21620.85,22401.0,21164.07,21584.14,3352.94753796
2022-07-09,21592.69,21955.18,21311.36,21588.35,865.38701575
2022-07-10,21581.98,21593.73,20629.99,20856.08,1398.91806277
2022-07-11,20851.14,20858.75,19869.0,19949.71,1381.03847332
2022-07-12,19948.55,20036.24,19237.42,19321.14,1738.03082444
2022-07-13,19337.91,20367.88,18905.55,20232.35,3196.86413812
2022-07-14,20225.24,20880.0,19608.47,20577.23,2574.75885317
2022-07-15,20569.17,21186.35,20368.7,20835.39,1581.8301293
2022-07-16,20823.7,21577.0,20472.68,21195.49,1740.63926769
2022-07-17,21198.34,21664.52,20751.08,20801.85,1497.20354125
2022-07-18,20786.76,22760.04,20757.29,22435.04,4288.35687434
2022-07-19,22439.63,23800.0,21578.45,23405.02,4682.35297064
2022-07-20,23392.04,24280.3,22893.95,23208.53,4052.68459237
2022-07-21,23217.0,23430.33,22340.34,23163.34,2267.47408756
2022-07-22,23166.09,23760.87,22512.42,22682.26,2025.58385843
2022-07-23,22696.19,23005.68,21944.47,22468.69,1010.85783614
2022-07-24,22468.7,23006.77,22272.23,22595.81,681.19673676
2022-07-25,22589.47,22673.68,21250.0,21306.56,2128.78016831
2022-07-26,21314.26,21344.09,20700.13,21259.78,1965.57798404
2022-07-27,21266.14,23112.9,21047.7,22969.04,2976.18882906
2022-07-28,22972.22,24198.95,22600.0,23853.11,3463.79018298
2022-07-29,23856.91,24445.0,23438.5,23785.31,2536.49166787
2022-07-30,23777.85,24676.0,23523.29,23644.58,1739.57494563
2022-07-31,23652.53,24190.09,23241.0,23322.53,1624.15172546
2022-08-01,23287.38,23511.5,22861.0,23282.92,1310.17180502
2022-08-02,23291.67,23468.33,22665.98,23001.52,1441.50641868
2022-08-03,22997.07,23642.14,22686.12,22835.88,1306.29502305
2022-08-04,22830.37,23228.77,22400.0,22615.24,1537.96629545
2022-08-05,22630.14,23478.0,22587.94,23326.4,2070.35989801
2022-08-06,23326.5,23354.54,22919.76,22956.61,672.14529689
2022-08-07,22946.0,23411.55,22855.14,23187.62,691.3833738
2022-08-08,23177.72,24246.06,23169.64,23821.68,1845.04091771
2022-08-09,23811.29,23927.44,22880.22,23164.78,1206.11169091
2022-08-10,23151.68,24228.0,22668.57,23964.0,2251.388441
2022-08-11,23961.0,24921.0,23867.0,23959.0,1964.2043205
2022-08-12,23957.0,24459.0,23615.0,24407.0,1258.79271631
2022-08-13,24421.0,24900.0,24301.0,24456.0,891.42169723
2022-08-14,24459.0,25053.0,24161.0,24320.0,1360.86975366
2022-08-15,24324.0,25212.0,23782.0,24110.0,1764.96054871
2022-08-16,24103.0,24250.0,23673.0,23867.0,761.78640254
2022-08-17,23866.0,24448.0,23176.0,23340.0,1814.51630224
2022-08-18,23348.0,23593.0,23103.0,23201.0,888.93580166
2022-08-19,23192.0,23202.0,20785.0,20841.0,3558.4209748
2022-08-20,20840.0,21368.0,20769.0,21146.0,1475.27766281
2022-08-21,21150.0,21778.0,21070.0,21514.0,1070.7625595
2022-08-22,21517.0,21530.0,20901.0,21411.0,1428.98968096
2022-08-23,21404.0,21672.0,20899.0,21520.0,1237.15547461
2022-08-24,21523.0,21892.0,21142.0,21372.0,1825.65585841
2022-08-25,21364.0,21813.0,21319.0,21571.0,1134.96366241
2022-08-26,21550.0,21870.0,20119.0,20250.0,3482.0913778
2022-08-27,20242.0,20376.0,19766.0,20045.0,1322.83765891
2022-08-28,20044.0,20159.0,19526.0,19557.0,883.35771116
2022-08-29,19571.0,20415.0,19557.0,20302.0,1226.5339045
2022-08-30,20300.0,20575.0,19552.0,19819.0,2061.62816733
2022-08-31,19836.0,20490.0,19822.0,20059.0,2271.16555773
2022-09-01,20049.0,20202.0,19573.0,20128.0,1841.61890225
2022-09-02,20133.0,20440.0,19762.0,19959.0,1704.54970941
2022-09-03,19950.0,20053.0,19667.0,19840.0,454.45221631
2022-09-04,19840.0,20025.0,19586.0,20007.0,468.46460815
2022-09-05,20014.0,20051.0,19634.0,19794.0,975.96352852
2022-09-06,19799.0,20181.0,18669.0,18789.0,3216.97354596
2022-09-07,18808.0,19456.0,18540.0,19276.0,1946.27402334
2022-09-08,19301.0,19454.0,19023.0,19322.0,1759.19295086
2022-09-09,19327.0,21610.0,19303.0,21371.0,4009.32373236
2022-09-10,21371.0,21814.0,21125.0,21672.0,1355.39296702
2022-09-11,21663.0,21871.0,21360.0,21835.0,844.39459098
2022-09-12,21836.0,22485.0,21565.0,22401.0,2496.98699671
2022-09-13,22396.0,22781.0,19862.0,20177.0,3927.08003147
2022-09-14,20175.0,20526.0,19623.0,20233.0,2793.90630535
2022-09-15,20226.0,20432.0,19500.0,19691.0,2531.5711628
2022-09-16,19704.0,19887.0,19330.0,19802.0,2514.42684614
2022-09-17,19802.0,20187.0,19757.0,20114.0,947.27782708
2022-09-18,20116.0,20116.0,19343.0,19419.0,1609.63965374
2022-09-19,19418.0,19679.0,18271.0,19538.0,3418.2169402
2022-09-20,19535.0,19634.0,18717.0,18878.0,2544.25288865
2022-09-21,18877.0,19902.0,18157.0,18466.0,5332.93776764
2022-09-22,18458.0,19541.0,18368.0,19403.0,2607.0417597
2022-09-23,19411.0,19491.0,18533.0,19294.0,2593.18338023
2022-09-24,19291.0,19309.0,18817.0,18921.0,922.02394143
2022-09-25,18919.0,19182.0,18636.0,18810.0,979.44306377
2022-09-26,18809.0,19313.0,18690.0,19226.0,3167.38799752
2022-09-27,19233.0,20381.0,18822.0,19075.0,4423.71693902
2022-09-28,19085.0,19770.0,18461.0,19413.0,3817.64021997
2022-09-29,19413.0,19630.0,18852.0,19592.0,1812.62118977
2022-09-30,19593.0,20171.0,19152.0,19425.0,2413.78432301
2022-10-01,19419.0,19484.0,19174.0,19312.0,378.60698732
2022-10-02,19306.0,19395.0,18931.0,19051.0,518.03380521
2022-10-03,19060.0,19715.0,18975.0,19636.0,1109.13176723
2022-10-04,19633.0,20469.0,19497.0,20343.0,2455.5428922
2022-10-05,20343.0,20366.0,19735.0,20162.0,1789.84892196
2022-10-06,20161.0,20447.0,19864.0,19951.0,1438.88952495
2022-10-07,19960.0,20056.0,19335.0,19532.0,1290.58016407
2022-10-08,19533.0,19624.0,19259.0,19420.0,517.31876324
2022-10-09,19421.0,19604.0,19324.0,19445.0,707.27451611
2022-10-10,19436.0,19525.0,19029.0,19131.0,1052.98301829
2022-10-11,19131.0,19265.0,18853.0,19059.0,1332.93245318
2022-10-12,19061.0,19229.0,18967.0,19157.0,870.27070879
2022-10-13,19156.0,19504.0,18183.0,19377.0,2920.78208384
2022-10-14,19374.0,19947.0,19083.0,19181.0,1313.80111372
2022-10-15,19184.0,19229.0,18990.0,19066.0,331.43098278
2022-10-16,19072.0,19425.0,19067.0,19264.0,417.01160964
2022-10-17,19262.0,19672.0,19160.0,19547.0,1141.62350258
2022-10-18,19547.0,19700.0,19099.0,19334.0,1524.52635389
2022-10-19,19329.0,19356.0,19078.0,19126.0,1302.59535401
2022-10-20,19128.0,19340.0,18913.0,19043.0,1491.66449329
2022-10-21,19043.0,19245.0,18660.0,19165.0,1923.43991085
2022-10-22,19166.0,19250.0,19118.0,19206.0,455.42088912
2022-10-23,19208.0,19689.0,19079.0,19574.0,1195.62013587
2022-10-24,19576.0,19588.0,19169.0,19332.0,1155.8634844
2022-10-25,19332.0,20418.0,19222.0,20087.0,2804.51314609
2022-10-26,20096.0,21012.0,20062.0,20775.0,2711.06904662
2022-10-27,20771.0,20872.0,20210.0,20296.0,1669.88399576
2022-10-28,20295.0,20750.0,20008.0,20599.0,1827.61380674
2022-10-29,20596.0,21078.0,20566.0,20821.0,1213.18946622
2022-10-30,20820.0,20931.0,20525.0,20628.0,679.83876303
2022-10-31,20631.0,20833.0,20243.0,20498.0,1880.02456732
2022-11-01,20493.0,20681.0,20334.0,20480.0,1276.69180973
2022-11-02,20480.0,20802.0,20055.0,20154.0,2292.08236192
2022-11-03,20152.0,20387.0,20039.0,20209.0,1004.11893277
2022-11-04,20209.0,21290.0,20184.0,21153.0,3501.47535754
2022-11-05,21152.0,21473.0,21089.0,21301.0,774.12522007
2022-11-06,21299.0,21364.0,20899.0,20907.0,551.95849001
2022-11-07,20899.0,21070.0,20400.0,20590.0,1417.99563473
2022-11-08,20591.0,20669.0,17114.0,18550.0,12035.90178845
2022-11-09,18546.0,18588.0,15632.0,15877.0,8350.5654456
2022-11-10,15900.0,18150.0,15748.0,17551.0,8375.25692463
2022-11-11,17548.0,17645.0,16394.0,17007.0,5636.75561159
2022-11-12,17020.0,17054.0,16610.0,16788.0,1882.26415655
2022-11-13,16788.0,17240.0,16263.0,16310.0,2703.91194662
2022-11-14,16300.0,17130.0,15784.0,16589.0,7964.34006887
2022-11-15,16586.0,17095.0,16511.0,16874.0,5633.3993478
2022-11-16,16875.0,16980.0,16371.0,16654.0,4035.80042365
2022-11-17,16655.0,16724.0,16412.0,16686.0,2458.66689134
2022-11-18,16687.0,16971.0,16540.0,16683.0,2673.28041964
2022-11-19,16683.0,16799.0,16548.0,16690.0,1377.3963971
2022-11-20,16687.0,16730.0,16169.0,16256.0,1827.05676561
2022-11-21,16250.0,16269.0,15479.0,15766.0,5633.48780213
2022-11-22,15757.0,16281.0,15613.0,16197.0,3718.55455894
2022-11-23,16199.0,16647.0,16150.0,16603.0,3505.29313128
2022-11-24,16594.0,16783.0,16456.0,16591.0,2141.4844617
2022-11-25,16589.0,16604.0,16339.0,16508.0,2043.43507991
2022-11-26,16511.0,16685.0,16387.0,16454.0,1503.64131011
2022-11-27,16451.0,16587.0,16402.0,16424.0,1189.79470656
2022-11-28,16420.0,16477.0,16004.0,16210.0,3254.70177817
2022-11-29,16205.0,16529.0,16102.0,16434.0,2310.87079583
2022-11-30,16437.0,17223.0,16430.0,17170.0,4442.42726142
2022-12-01,17166.0,17250.0,16864.0,16977.0,3207.29094124
2022-12-02,16976.0,17102.0,16800.0,17095.0,2329.03284999
2022-12-03,17095.0,17150.0,16868.0,16886.0,1177.01264514
2022-12-04,16893.0,17195.0,16890.0,17114.0,1603.5516013
2022-12-05,17113.0,17418.0,16879.0,16968.0,2251.51957602
2022-12-06,16968.0,17101.0,16914.0,17087.0,1303.37122474
2022-12-07,17091.0,17131.0,16736.0,16836.0,1185.39328287
2022-12-08,16838.0,17296.0,16734.0,17229.0,1724.69349744
2022-12-09,17229.0,17353.0,17073.0,17128.0,1226.70564841
2022-12-10,17129.0,17223.0,17100.0,17128.0,677.74180701
2022-12-11,17128.0,17264.0,17080.0,17091.0,1239.3577856
2022-12-12,17089.0,17240.0,16881.0,17209.0,1695.0565253
2022-12-13,17214.0,18106.0,17093.0,17772.0,3838.86501115
2022-12-14,17771.0,18373.0,17667.0,17803.0,3836.86554644
2022-12-15,17806.0,17853.0,17288.0,17362.0,1887.37172156
2022-12-16,17361.0,17525.0,16572.0,16633.0,2853.96835966
2022-12-17,16635.0,16794.0,16596.0,16781.0,1114.37024438
2022-12-18,16780.0,16850.0,16676.0,16749.0,695.99091766
2022-12-19,16744.0,16815.0,16293.0,16446.0,2157.44154575
2022-12-20,16441.0,17046.0,16402.0,16898.0,2115.97889225
2022-12-21,16899.0,16919.0,16719.0,16824.0,1618.76729861
2022-12-22,16823.0,16863.0,16570.0,16821.0,1946.30526969
2022-12-23,16821.0,16916.0,16750.0,16779.0,2138.4466876
2022-12-24,16779.0,16848.0,16779.0,16839.0,960.3266097
2022-12-25,16839.0,16850.0,16731.0,16828.0,717.96557265
2022-12-26,16828.0,16933.0,16801.0,16917.0,731.85697007
2022-12-27,16920.0,16961.0,16588.0,16700.0,2204.70406525
2022-12-28,16699.0,16772.0,16465.0,16540.0,2220.78816676
2022-12-29,16540.0,16650.0,16486.0,16628.0,1560.43976985
2022-12-30,16628.0,16650.0,16337.0,16603.0,2223.64394181
2022-12-31,16602.0,16627.0,16471.0,16528.0,602.43437164
2023-01-01,16530.0,16622.0,16496.0,16615.0,473.83273801
2023-01-02,16615.0,16782.0,16552.0,16673.0,1046.7274368
2023-01-03,16668.0,16766.0,16605.0,16670.0,1388.07196613
2023-01-04,16673.0,16984.0,16652.0,16849.0,2038.03012252
2023-01-05,16847.0,16871.0,16755.0,16826.0,1131.61941681
2023-01-06,16826.0,17024.0,16669.0,16950.0,1738.57975267
2023-01-07,16951.0,16975.0,16907.0,16945.0,523.75442441
2023-01-08,16946.0,17163.0,16915.0,17119.0,816.57209307
2023-01-09,17124.0,17393.0,17108.0,17179.0,2213.34824624
2023-01-10,17177.0,17490.0,17147.0,17446.0,1354.43514717
2023-01-11,17448.0,17992.0,17318.0,17930.0,1904.45231601
2023-01-12,17948.0,19114.0,17911.0,18853.0,5124.55845338
2023-01-13,18852.0,19991.0,18720.0,19931.0,3765.2742592
2023-01-14,19936.0,21247.0,19895.0,20960.0,6843.48563958
2023-01-15,20961.0,21052.0,20549.0,20885.0,1352.72025796
2023-01-16,20879.0,21456.0,20634.0,21189.0,3236.95717404
2023-01-17,21186.0,21594.0,20863.0,21134.0,2302.39736137
2023-01-18,21136.0,21646.0,20358.0,20670.0,3794.75671744
2023-01-19,20678.0,21185.0,20654.0,21086.0,2391.67069084
2023-01-20,21085.0,22750.0,20869.0,22678.0,2937.14734339
2023-01-21,22670.0,23362.0,22442.0,22783.0,3013.23007247
2023-01-22,22791.0,23076.0,22314.0,22717.0,1548.97073883
2023-01-23,22708.0,23167.0,22525.0,22922.0,1699.036477
2023-01-24,22922.0,23162.0,22473.0,22637.0,1953.73212508
2023-01-25,22636.0,23815.0,22334.0,23054.0,2582.12043347
2023-01-26,23063.0,23282.0,22866.0,23010.0,1472.74474346
2023-01-27,23011.0,23500.0,22541.0,23083.0,2086.70647505
2023-01-28,23082.0,23187.0,22894.0,23033.0,834.3522255
2023-01-29,23031.0,23954.0,22981.0,23746.0,1620.98279529
2023-01-30,23748.0,23799.0,22504.0,22831.0,2081.82272658
2023-01-31,22831.0,23318.0,22724.0,23127.0,1557.98459142
2023-02-01,23134.0,23810.0,22768.0,23735.0,2468.52240577
2023-02-02,23736.0,24258.0,23377.0,23498.0,2609.58252721
2023-02-03,23503.0,23719.0,23212.0,23434.0,1742.07112849
2023-02-04,23421.0,23582.0,23266.0,23330.0,778.73091268
2023-02-05,23328.0,23428.0,22766.0,22937.0,1525.50154971
2023-02-06,22942.0,23148.0,22643.0,22763.0,1731.60284453
2023-02-07,22761.0,23338.0,22751.0,23252.0,2758.47564405
2023-02-08,23246.0,23439.0,22686.0,22961.0,1236.37140064
2023-02-09,22965.0,23003.0,21700.0,21802.0,2260.7850853
2023-02-10,21803.0,21939.0,21454.0,21639.0,1503.99323818
2023-02-11,21631.0,21904.0,21610.0,21868.0,699.37255295
2023-02-12,21868.0,22086.0,21649.0,21789.0,1481.78576998
2023-02-13,21790.0,21897.0,21376.0,21790.0,1923.03740841
2023-02-14,21790.0,22316.0,21569.0,22211.0,2032.44280719
2023-02-15,22208.0,24374.0,22064.0,24332.0,2316.23830307
2023-02-16,24332.0,25270.0,23520.0,23521.0,3634.8002493
2023-02-17,23518.0,25014.0,23369.0,24580.0,3328.63120407
2023-02-18,24577.0,24869.0,24450.0,24640.0,721.18871725
2023-02-19,24638.0,25183.0,24211.0,24296.0,1717.15816149
2023-02-20,24271.0,25118.0,23862.0,24843.0,1828.53775073
2023-02-21,24843.0,25250.0,24165.0,24450.0,2506.05738181
2023-02-22,24450.0,24474.0,23594.0,24188.0,1951.95970979
2023-02-23,24188.0,24590.0,23636.0,23939.0,2000.28221308
2023-02-24,23939.0,24124.0,22865.0,23189.0,2782.78873072
2023-02-25,23186.0,23215.0,22770.0,23161.0,863.37221739
2023-02-26,23166.0,23678.0,23068.0,23562.0,1019.2008877
2023-02-27,23560.0,23890.0,23126.0,23493.0,1768.12573577
2023-02-28,23497.0,23594.0,23048.0,23136.0,1185.70463735
2023-03-01,23146.0,23990.0,23040.0,23634.0,1748.04686969
2023-03-02,23632.0,23791.0,23206.0,23466.0,1090.90317933
2023-03-03,23469.0,23477.0,22000.0,22359.0,2878.02219561
2023-03-04,22359.0,22401.0,22170.0,22347.0,608.34767678
2023-03-05,22347.0,22652.0,22212.0,22428.0,944.66432972
2023-03-06,22427.0,22590.0,22263.0,22407.0,1156.23472957
2023-03-07,22414.0,22547.0,21931.0,22200.0,1837.72234137
2023-03-08,22197.0,22275.0,21590.0,21704.0,1477.18402948
2023-03-09,21697.0,21824.0,20043.0,20367.0,3373.14910671
2023-03-10,20368.0,20368.0,19569.0,20220.0,4695.23685366
2023-03-11,20226.0,20874.0,19893.0,20618.0,3590.95407524
2023-03-12,20615.0,22269.0,20456.0,22183.0,3599.49467653
2023-03-13,22190.0,24618.0,21900.0,24209.0,6738.26574302
2023-03-14,24210.0,26533.0,24070.0,24750.0,7966.02323163
2023-03-15,24745.0,25273.0,23940.0,24368.0,4368.44571382
2023-03-16,24361.0,25217.0,24229.0,25050.0,2430.85019301
2023-03-17,25051.0,27818.0,24954.0,27466.0,5166.28277037
2023-03-18,27466.0,27776.0,26707.0,26980.0,2933.79686267
2023-03-19,26992.0,28474.0,26900.0,28054.0,2615.71251826
2023-03-20,28081.0,28567.0,27231.0,27815.0,3998.09358215
2023-03-21,27808.0,28497.0,27436.0,28192.0,2955.11628597
2023-03-22,28184.0,28936.0,26688.0,27320.0,5024.21040571
2023-03-23,27320.0,28818.0,27187.0,28343.0,3199.6545122
2023-03-24,28352.0,29380.0,27043.0,27493.0,2789.44951461
2023-03-25,27497.0,27810.0,27210.0,27499.0,963.83840741
2023-03-26,27493.0,28217.0,27453.0,28004.0,1100.20331067
2023-03-27,27992.0,28051.0,26541.0,27142.0,2258.96393636
2023-03-28,27142.0,27514.0,26647.0,27272.0,2137.04196923
2023-03-29,27272.0,28650.0,27258.0,28353.0,2161.81292594
2023-03-30,28353.0,29170.0,27706.0,28039.0,2912.7258869
2023-03-31,28036.0,28653.0,27533.0,28476.0,2301.18236248
2023-04-01,28476.0,28816.0,28237.0,28469.0,656.33679146
2023-04-02,28469.0,28544.0,27891.0,28186.0,689.98223995
2023-04-03,28179.0,28506.0,27236.0,27816.0,2393.226229
2023-04-04,27820.0,28447.0,27686.0,28178.0,1294.59736105
2023-04-05,28179.0,28782.0,27823.0,28183.0,1576.30733991
2023-04-06,28181.0,28199.0,27723.0,28051.0,1064.88009436
2023-04-07,28054.0,28118.0,27797.0,27931.0,436.4796401
2023-04-08,27931.0,28174.0,27891.0,27969.0,417.7631391
2023-04-09,27968.0,28544.0,27833.0,28340.0,718.54765779
2023-04-10,28353.0,29789.0,28184.0,29652.0,2711.67320655
2023-04-11,29657.0,30575.0,29617.0,30246.0,2689.4048951
2023-04-12,30255.0,30503.0,29689.0,29903.0,1926.94195052
2023-04-13,29914.0,30614.0,29889.0,30410.0,1503.93427177
2023-04-14,30411.0,31035.0,30001.0,30498.0,2540.14059427
2023-04-15,30498.0,30620.0,30249.0,30332.0,560.64010658
2023-04-16,30327.0,30567.0,30157.0,30330.0,656.81163772
2023-04-17,30328.0,30337.0,29247.0,29448.0,2077.00292863
2023-04-18,29452.0,30483.0,29122.0,30395.0,1827.46761436
2023-04-19,30388.0,30423.0,28603.0,28827.0,3869.09654939
2023-04-20,28814.0,29098.0,28005.0,28238.0,2450.06329929
2023-04-21,28240.0,28362.0,27140.0,27254.0,2455.89969552
2023-04-22,27253.0,27883.0,27137.0,27817.0,1010.44737158
2023-04-23,27820.0,27820.0,27347.0,27596.0,798.04552773
2023-04-24,27594.0,27998.0,26981.0,27512.0,2236.65500868
2023-04-25,27515.0,28392.0,27197.0,28300.0,1874.16625132
2023-04-26,28306.0,30022.0,27242.0,28428.0,5277.187044
2023-04-27,28427.0,29887.0,28389.0,29485.0,3748.60576512
2023-04-28,29486.0,29600.0,28922.0,29333.0,2449.0749774
2023-04-29,29339.0,29460.0,29061.0,29247.0,932.47961185
2023-04-30,29252.0,29961.0,29115.0,29235.0,1415.25506091
2023-05-01,29254.0,29344.0,27666.0,28079.0,2913.86283351
2023-05-02,28079.0,28894.0,27876.0,28680.0,1935.55649138
2023-05-03,28682.0,29276.0,28138.0,29033.0,2838.45231646
2023-05-04,29043.0,29378.0,28691.0,28851.0,1656.27922902
2023-05-05,28860.0,29701.0,28832.0,29547.0,1923.16974421
2023-05-06,29537.0,29851.0,28422.0,28911.0,1443.17174676
2023-05-07,28909.0,29194.0,28444.0,28472.0,1021.45715582
2023-05-08,28485.0,28667.0,27290.0,27690.0,2936.79913382
2023-05-09,27688.0,27841.0,27372.0,27650.0,1573.53076474
2023-05-10,27648.0,28328.0,26842.0,27618.0,2848.942523
2023-05-11,27624.0,27640.0,26720.0,26991.0,2126.87109348
2023-05-12,26987.0,27093.0,25800.0,26811.0,4842.98246111
2023-05-13,26816.0,27052.0,26710.0,26789.0,1269.30464643
2023-05-14,26805.0,27202.0,26598.0,26933.0,1325.63421938
2023-05-15,26933.0,27666.0,26736.0,27166.0,1805.12956433
2023-05-16,27166.0,27300.0,26868.0,27037.0,1730.33763378
2023-05-17,27037.0,27488.0,26550.0,27404.0,2653.36761994
2023-05-18,27413.0,27481.0,26374.0,26818.0,1987.57678586
2023-05-19,26824.0,27176.0,26651.0,26893.0,1277.23274821
2023-05-20,26889.0,27153.0,26840.0,27115.0,603.01939692
2023-05-21,27123.0,27277.0,26688.0,26750.0,654.14743859
2023-05-22,26753.0,27078.0,26547.0,26856.0,1111.87388791
2023-05-23,26854.0,27478.0,26810.0,27226.0,1174.41963411
2023-05-24,27225.0,27225.0,26076.0,26325.0,2214.54386081
2023-05-25,26325.0,26611.0,25878.0,26478.0,1646.8258379
2023-05-26,26486.0,26937.0,26338.0,26718.0,1666.10237235
2023-05-27,26716.0,26893.0,26566.0,26872.0,636.46388614
2023-05-28,26875.0,28248.0,26785.0,28072.0,1665.64922634
2023-05-29,28071.0,28452.0,27542.0,27749.0,1684.67833372
2023-05-30,27748.0,28054.0,27570.0,27706.0,1567.55117507
2023-05-31,27701.0,27840.0,26857.0,27219.0,1863.47625267
2023-06-01,27220.0,27356.0,26625.0,26826.0,2004.35720265
2023-06-02,26821.0,27300.0,26519.0,27251.0,1671.434456
2023-06-03,27250.0,27332.0,26937.0,27076.0,772.42193183
2023-06-04,27072.0,27451.0,26963.0,27125.0,789.8995641
2023-06-05,27114.0,27138.0,25389.0,25739.0,3837.59032264
2023-06-06,25730.0,27357.0,25350.0,27236.0,3965.21160442
2023-06-07,27252.0,27388.0,26140.0,26348.0,2996.80495663
2023-06-08,26347.0,26809.0,26225.0,26510.0,1530.42554212
2023-06-09,26507.0,26778.0,26289.0,26484.0,1059.79847008
2023-06-10,26486.0,26528.0,25420.0,25857.0,3074.54228424
2023-06-11,25857.0,26209.0,25657.0,25941.0,1020.99238041
2023-06-12,25940.0,26103.0,25634.0,25906.0,1761.02544893
2023-06-13,25906.0,26422.0,25718.0,25934.0,1895.96796692
2023-06-14,25935.0,26078.0,24819.0,25127.0,2747.12869314
2023-06-15,25125.0,25729.0,24756.0,25573.0,2880.44240822
2023-06-16,25567.0,26485.0,25188.0,26333.0,2556.84039324
2023-06-17,26333.0,26785.0,26173.0,26507.0,1155.48522656
2023-06-18,26513.0,26685.0,26267.0,26340.0,1005.71439822
2023-06-19,26336.0,27050.0,26260.0,26842.0,1828.96524085
2023-06-20,26840.0,28441.0,26651.0,28315.0,3123.51386312
2023-06-21,28316.0,30755.0,28280.0,30009.0,6043.64316714
2023-06-22,30010.0,30505.0,29600.0,29889.0,3777.43149847
2023-06-23,29891.0,31458.0,29820.0,30716.0,4388.38562374
2023-06-24,30703.0,30821.0,30287.0,30548.0,1211.73495461
2023-06-25,30550.0,31047.0,30295.0,30477.0,1480.27114787
2023-06-26,30480.0,30657.0,29941.0,30274.0,2062.07924358
2023-06-27,30278.0,31025.0,30235.0,30696.0,2087.55806488
2023-06-28,30697.0,30712.0,29868.0,30079.0,1867.54566498
2023-06-29,30078.0,30825.0,30041.0,30444.0,1924.6183445
2023-06-30,30445.0,31268.0,29508.0,30469.0,4944.39013815
2023-07-01,30469.0,30647.0,30321.0,30592.0,603.9348395
2023-07-02,30590.0,30785.0,30175.0,30616.0,1091.40198046
2023-07-03,30616.0,31378.0,30587.0,31158.0,1549.49344257
2023-07-04,31165.0,31327.0,30637.0,30771.0,848.52450967
2023-07-05,30767.0,30866.0,30206.0,30501.0,1179.48935068
2023-07-06,30498.0,31500.0,29868.0,29912.0,3087.63379638
2023-07-07,29901.0,30445.0,29722.0,30348.0,1886.47101822
2023-07-08,30348.0,30383.0,30056.0,30293.0,602.99398251
2023-07-09,30293.0,30439.0,30073.0,30167.0,640.48477925
2023-07-10,30170.0,31037.0,29964.0,30421.0,1899.48550714
2023-07-11,30417.0,30804.0,30310.0,30621.0,1275.01882493
2023-07-12,30631.0,30960.0,30219.0,30382.0,1734.61976884
2023-07-13,30383.0,31818.0,30259.0,31471.0,3038.41085113
2023-07-14,31474.0,31635.0,29961.0,30331.0,2687.88498106
2023-07-15,30328.0,30403.0,30260.0,30301.0,483.23087175
2023-07-16,30300.0,30442.0,30067.0,30253.0,999.67578186
2023-07-17,30247.0,30341.0,29675.0,30154.0,1810.6123199
2023-07-18,30144.0,30244.0,29521.0,29868.0,1637.26704348
2023-07-19,29862.0,30188.0,29757.0,29919.0,1446.88422668
2023-07-20,29917.0,30414.0,29567.0,29806.0,1431.36195596
2023-07-21,29806.0,30051.0,29735.0,29908.0,1197.73385418
2023-07-22,29908.0,29995.0,29640.0,29789.0,630.39179913
2023-07-23,29790.0,30342.0,29742.0,30085.0,766.46726746
2023-07-24,30085.0,30099.0,28842.0,29177.0,2817.83813249
2023-07-25,29176.0,29362.0,29054.0,29224.0,1213.4912944
2023-07-26,29224.0,29678.0,29100.0,29354.0,1517.24148332
2023-07-27,29353.0,29563.0,29081.0,29219.0,1313.64370824
2023-07-28,29214.0,29525.0,29121.0,29317.0,1241.48419113
2023-07-29,29316.0,29404.0,29251.0,29360.0,402.48554375
2023-07-30,29360.0,29446.0,29034.0,29279.0,792.17888595
2023-07-31,29279.0,29511.0,29115.0,29231.0,899.87088387
2023-08-01,29221.0,29715.0,28574.0,29696.0,2302.7701885
2023-08-02,29697.0,30025.0,28929.0,29164.0,1990.07126609
2023-08-03,29157.0,29395.0,28925.0,29176.0,1359.65240342
2023-08-04,29175.0,29306.0,28784.0,29077.0,1430.63487436
2023-08-05,29075.0,29107.0,28950.0,29049.0,339.31235387
2023-08-06,29049.0,29159.0,28962.0,29042.0,494.23722676
2023-08-07,29041.0,29244.0,28671.0,29181.0,1440.49544476
2023-08-08,29186.0,30210.0,29107.0,29764.0,2548.20876694
2023-08-09,29776.0,30119.0,29352.0,29565.0,1342.08176495
2023-08-10,29565.0,29703.0,29294.0,29423.0,1091.25819091
2023-08-11,29424.0,29525.0,29222.0,29398.0,839.58343645
2023-08-12,29398.0,29465.0,29350.0,29415.0,349.63678295
2023-08-13,29415.0,29443.0,29254.0,29284.0,357.15476053
2023-08-14,29280.0,29659.0,29086.0,29408.0,1281.1078171
2023-08-15,29408.0,29455.0,29060.0,29172.0,1081.01044207
2023-08-16,29171.0,29224.0,28693.0,28701.0,1798.07617139
2023-08-17,28692.0,28757.0,26266.0,26642.0,4949.55887437
2023-08-18,26632.0,26813.0,25601.0,26051.0,2639.68823694
2023-08-19,26051.0,26264.0,25798.0,26097.0,1021.34929591
2023-08-20,26097.0,26297.0,25979.0,26192.0,711.93303045
2023-08-21,26193.0,26240.0,25828.0,26125.0,1609.35464365
2023-08-22,26125.0,26137.0,25350.0,26042.0,1785.38604286
2023-08-23,26048.0,26800.0,25805.0,26431.0,2472.52719071
2023-08-24,26429.0,26562.0,25852.0,26168.0,1678.6281579
2023-08-25,26169.0,26281.0,25748.0,26048.0,1924.7079294
2023-08-26,26050.0,26102.0,25976.0,26008.0,249.0430185
2023-08-27,26007.0,26168.0,25962.0,26090.0,399.56936642
2023-08-28,26087.0,26223.0,25856.0,26103.0,1212.34458122
2023-08-29,26103.0,28142.0,25913.0,27726.0,4581.62209762
2023-08-30,27722.0,27757.0,27006.0,27300.0,2084.64468373
2023-08-31,27302.0,27537.0,25683.0,25932.0,2809.73176445
2023-09-01,25927.0,26134.0,25333.0,25798.0,1970.6890186
2023-09-02,25801.0,25980.0,25753.0,25870.0,557.92664336
2023-09-03,25870.0,26112.0,25807.0,25970.0,719.53811642
2023-09-04,25972.0,26081.0,25646.0,25819.0,1083.70424928
2023-09-05,25827.0,25862.0,25547.0,25783.0,1006.67988402
2023-09-06,25779.0,26000.0,25386.0,25748.0,1278.20847185
2023-09-07,25750.0,26417.0,25600.0,26245.0,1647.35197985
2023-09-08,26256.0,26429.0,25652.0,25908.0,1649.47774994
2023-09-09,25908.0,25927.0,25801.0,25899.0,436.09095941
2023-09-10,25899.0,26018.0,25588.0,25836.0,876.91159297
2023-09-11,25839.0,25881.0,24920.0,25155.0,2016.08262659
2023-09-12,25157.0,26529.0,25129.0,25844.0,3217.44248767
2023-09-13,25842.0,26395.0,25762.0,26226.0,1566.27745586
2023-09-14,26229.0,26849.0,26143.0,26529.0,2087.02602594
2023-09-15,26529.0,26878.0,26228.0,26607.0,1388.80900435
2023-09-16,26609.0,26767.0,26459.0,26571.0,609.7138034
2023-09-17,26571.0,26618.0,26414.0,26535.0,522.97891573
2023-09-18,26533.0,27422.0,26382.0,26770.0,2015.8296667
2023-09-19,26766.0,27486.0,26682.0,27214.0,1886.73059609
2023-09-20,27220.0,27389.0,26852.0,27128.0,2264.83849151
2023-09-21,27124.0,27177.0,26376.0,26563.0,1557.05559404
2023-09-22,26568.0,26733.0,26479.0,26581.0,683.49903344
2023-09-23,26577.0,26634.0,26519.0,26583.0,263.32261736
2023-09-24,26582.0,26730.0,26148.0,26248.0,778.78029835
2023-09-25,26215.0,26436.0,25977.0,26297.0,1307.38610948
2023-09-26,26298.0,26386.0,26085.0,26208.0,884.58189615
2023-09-27,26203.0,26823.0,26095.0,26361.0,1845.69530452
2023-09-28,26361.0,27297.0,26325.0,27026.0,2763.60813176
2023-09-29,27029.0,27235.0,26682.0,26911.0,1536.61509999
2023-09-30,26910.0,27093.0,26884.0,26966.0,532.6068557
2023-10-01,26965.0,28053.0,26959.0,27995.0,1264.64540463
2023-10-02,27995.0,28592.0,27333.0,27507.0,2577.97315012
2023-10-03,27509.0,27670.0,27170.0,27435.0,1304.18286171
2023-10-04,27431.0,27831.0,27221.0,27790.0,1275.01105837
2023-10-05,27787.0,28125.0,27369.0,27417.0,1535.57836693
2023-10-06,27420.0,28301.0,27185.0,27948.0,1718.75354746
2023-10-07,27945.0,28034.0,27864.0,27971.0,355.00216419
2023-10-08,27976.0,28104.0,27715.0,27933.0,559.68781341
2023-10-09,27930.0,27996.0,27280.0,27594.0,1186.72451465
2023-10-10,27598.0,27733.0,27294.0,27395.0,1183.58370853
2023-10-11,27394.0,27474.0,26533.0,26874.0,2042.77738655
2023-10-12,26870.0,26933.0,26545.0,26756.0,1099.96996575
2023-10-13,26744.0,27108.0,26675.0,26867.0,1292.1278671
2023-10-14,26867.0,26981.0,26800.0,26855.0,421.71980002
2023-10-15,26858.0,27299.0,26814.0,27174.0,758.25452068
2023-10-16,27161.0,29900.0,27123.0,28518.0,4785.41944077
2023-10-17,28520.0,28627.0,28081.0,28408.0,1864.88114061
2023-10-18,28408.0,28984.0,28156.0,28328.0,1413.07638125
2023-10-19,28327.0,28916.0,28138.0,28733.0,1546.73974905
2023-10-20,28734.0,30233.0,28595.0,29688.0,2771.39284798
2023-10-21,29682.0,30364.0,29483.0,29927.0,918.26190297
2023-10-22,29921.0,30247.0,29678.0,30002.0,921.90910142
2023-10-23,30007.0,34283.0,29898.0,33074.0,5126.76615313
2023-10-24,33090.0,35198.0,32852.0,33917.0,5503.07515361
2023-10-25,33928.0,35138.0,33686.0,34498.0,2514.83797747
2023-10-26,34494.0,34834.0,33738.0,34165.0,2077.76612107
2023-10-27,34148.0,34245.0,33407.0,33906.0,2094.03774293
2023-10-28,33902.0,34506.0,33878.0,34091.0,772.85563761
2023-10-29,34090.0,34755.0,33945.0,34538.0,949.33336318
2023-10-30,34549.0,34860.0,34095.0,34495.0,1843.15676539
2023-10-31,34489.0,34730.0,34061.0,34661.0,1565.28762452
2023-11-01,34667.0,35612.0,34102.0,35440.0,2098.16618447
2023-11-02,35440.0,35968.0,34320.0,34937.0,1636.75756043
2023-11-03,34947.0,34947.0,34132.0,34727.0,1346.42679593
2023-11-04,34734.0,35276.0,34609.0,35086.0,789.13294208
2023-11-05,35086.0,35396.0,34495.0,35045.0,816.1044247
2023-11-06,35043.0,35290.0,34766.0,35042.0,1069.01973133
2023-11-07,35061.0,35891.0,34530.0,35414.0,1785.96420873
2023-11-08,35417.0,36150.0,35111.0,35640.0,1364.35565296
2023-11-09,35633.0,37978.0,35578.0,36693.0,3016.28242591
2023-11-10,36700.0,37558.0,36343.0,37319.0,1622.63844082
2023-11-11,37350.0,37422.0,36673.0,37152.0,808.30673359
2023-11-12,37136.0,37237.0,36758.0,37086.0,549.56241452
2023-11-13,37085.0,37421.0,36355.0,36485.0,1510.51918187
2023-11-14,36474.0,36749.0,35002.0,35564.0,1717.04521008
2023-11-15,35558.0,37975.0,35378.0,37877.0,2493.86082433
2023-11-16,37886.0,37960.0,35539.0,36165.0,2074.97812228
2023-11-17,36167.0,36800.0,35891.0,36625.0,1897.08043126
2023-11-18,36626.0,36851.0,36211.0,36590.0,600.63676547
2023-11-19,36591.0,37520.0,36420.0,37426.0,1248.86330778
2023-11-20,37426.0,37769.0,36716.0,37480.0,2466.92303789
2023-11-21,37473.0,37664.0,35758.0,35758.0,2635.34338929
2023-11-22,35762.0,37865.0,35651.0,37424.0,2070.1723192
2023-11-23,37432.0,37649.0,36886.0,37301.0,1022.40658624
2023-11-24,37312.0,38437.0,37266.0,37746.0,1802.03174883
2023-11-25,37750.0,37908.0,37619.0,37809.0,420.03700069
2023-11-26,37811.0,37837.0,37173.0,37460.0,956.68366321
2023-11-27,37467.0,37574.0,36727.0,37240.0,1461.30815081
2023-11-28,37256.0,38420.0,36883.0,37839.0,2929.17942076
2023-11-29,37842.0,38457.0,37597.0,37863.0,1596.97584281
2023-11-30,37864.0,38173.0,37510.0,37719.0,1238.49574253
2023-12-01,37731.0,39000.0,37628.0,38707.0,1584.74431912
2023-12-02,38707.0,39725.0,38663.0,39474.0,1009.37914772
2023-12-03,39474.0,40210.0,39304.0,39989.0,1030.43113816
2023-12-04,39988.0,42404.0,39988.0,41985.0,2457.14266074
2023-12-05,41979.0,44490.0,41415.0,44075.0,2381.71882149
2023-12-06,44087.0,44282.0,43419.0,43764.0,1590.89524265
2023-12-07,43764.0,44044.0,42849.0,43291.0,1537.57678097
2023-12-08,43296.0,44729.0,43078.0,44193.0,1710.26021181
2023-12-09,44210.0,44362.0,43605.0,43712.0,1039.35957631
2023-12-10,43710.0,44038.0,43582.0,43786.0,872.82567587
2023-12-11,43786.0,43801.0,40181.0,41242.0,4261.48533556
2023-12-12,41232.0,42071.0,40649.0,41458.0,1610.56081406
2023-12-13,41483.0,43440.0,40589.0,42888.0,2644.83644066
2023-12-14,42899.0,43409.0,41509.0,43031.0,2002.07782305
2023-12-15,43047.0,43082.0,41664.0,41925.0,1753.91862839
2023-12-16,41926.0,42676.0,41639.0,42246.0,702.47727547
2023-12-17,42228.0,42364.0,41266.0,41345.0,1244.1407649
2023-12-18,41337.0,42732.0,40513.0,42650.0,2330.26582426
2023-12-19,42664.0,43456.0,41794.0,42258.0,2275.97294212
2023-12-20,42257.0,44291.0,42207.0,43665.0,2554.20268131
2023-12-21,43667.0,44240.0,43305.0,43873.0,1843.00224824
2023-12-22,43871.0,44409.0,43430.0,44002.0,1262.6906742
2023-12-23,44011.0,44027.0,43347.0,43733.0,762.80816546
2023-12-24,43730.0,43954.0,42700.0,43033.0,934.47643082
2023-12-25,43015.0,43807.0,42771.0,43591.0,808.86227682
2023-12-26,43587.0,43605.0,41639.0,42510.0,2476.91150728
2023-12-27,42511.0,43698.0,42121.0,43473.0,2029.37372014
2023-12-28,43468.0,43812.0,42288.0,42583.0,1410.60181535
2023-12-29,42587.0,43128.0,41306.0,42072.0,2740.01043427
2023-12-30,42069.0,42599.0,41529.0,42148.0,931.22212329
2023-12-31,42148.0,42867.0,41976.0,42258.0,1192.72615807
2024-01-01,42258.0,44192.0,42188.0,44187.0,1633.49861779
2024-01-02,44187.0,45922.0,44167.0,44970.0,3948.65907593
2024-01-03,44972.0,45510.0,41454.0,42865.0,3980.8280561
2024-01-04,42863.0,44795.0,42656.0,44186.0,2918.11934919
2024-01-05,44195.0,44366.0,42500.0,44184.0,3155.46638326
2024-01-06,44189.0,44253.0,43440.0,43999.0,980.53899688
2024-01-07,43988.0,44500.0,43636.0,43944.0,1747.44187033
2024-01-08,43936.0,47281.0,43213.0,46995.0,3636.8610002
2024-01-09,47012.0,47897.0,44903.0,46124.0,4033.07482445
2024-01-10,46103.0,47751.0,44304.0,46681.0,4041.55249105
2024-01-11,46678.0,49048.0,45600.0,46360.0,4473.0234105
2024-01-12,46343.0,46516.0,41509.0,42778.0,5206.89076802
2024-01-13,42772.0,43246.0,42440.0,42843.0,1045.15461483
2024-01-14,42834.0,43060.0,41704.0,41715.0,1256.25694151
2024-01-15,41701.0,43324.0,41680.0,42493.0,1455.98525511
2024-01-16,42483.0,43566.0,42056.0,43131.0,2368.79032451
2024-01-17,43128.0,43187.0,42172.0,42738.0,1669.71805706
2024-01-18,42738.0,42871.0,40600.0,41283.0,2233.62523855
2024-01-19,41250.0,42152.0,40258.0,41628.0,2637.87840623
2024-01-20,41622.0,41854.0,41428.0,41673.0,751.43386965
2024-01-21,41658.0,41849.0,41485.0,41560.0,466.94666893
2024-01-22,41555.0,41649.0,39437.0,39528.0,3032.78218553
2024-01-23,39515.0,40133.0,38505.0,39868.0,2741.44335926
2024-01-24,39849.0,40515.0,39461.0,40074.0,2648.46142608
2024-01-25,40074.0,40278.0,39531.0,39916.0,2295.83198262
2024-01-26,39929.0,42233.0,39808.0,41818.0,3525.68226372
2024-01-27,41817.0,42187.0,41396.0,42124.0,788.19903211
2024-01-28,42126.0,42824.0,41629.0,42026.0,1354.31455222
2024-01-29,42027.0,43305.0,41804.0,43305.0,2305.13461431
2024-01-30,43302.0,43853.0,42692.0,42946.0,2291.56721174
2024-01-31,42945.0,43738.0,42264.0,42558.0,3286.47977633
2024-02-01,42548.0,43263.0,41859.0,43071.0,1870.52097244
2024-02-02,43075.0,43451.0,42538.0,43183.0,1896.67516524
2024-02-03,43183.0,43352.0,42876.0,42994.0,759.46228085
2024-02-04,42991.0,43097.0,42243.0,42570.0,774.92253866
2024-02-05,42568.0,43515.0,42244.0,42659.0,2029.09192619
2024-02-06,42657.0,43366.0,42521.0,43092.0,1541.85229531
2024-02-07,43093.0,44389.0,42764.0,44346.0,1666.78621772
2024-02-08,44342.0,45587.0,44325.0,45300.0,3101.76569244
2024-02-09,45299.0,48201.0,45252.0,47161.0,3267.79290468
2024-02-10,47156.0,48186.0,46894.0,47770.0,1059.76317922
2024-02-11,47770.0,48601.0,47593.0,48313.0,950.74155544
2024-02-12,48313.0,50333.0,47720.0,49937.0,2595.07694979
2024-02-13,49937.0,50385.0,48325.0,49720.0,2127.3979635
2024-02-14,49728.0,52093.0,49267.0,51844.0,2470.06233311
2024-02-15,51841.0,52884.0,51364.0,51942.0,2580.54668239
2024-02-16,51935.0,52600.0,51615.0,52161.0,1766.36935764
2024-02-17,52163.0,52210.0,50647.0,51664.0,999.96707794
2024-02-18,51661.0,52393.0,51196.0,52130.0,925.21142925
2024-02-19,52155.0,52496.0,51694.0,51789.0,1123.41042877
2024-02-20,51776.0,53015.0,50770.0,52275.0,2464.04913744
2024-02-21,52272.0,52397.0,50611.0,51843.0,2252.9078781
2024-02-22,51857.0,52049.0,50921.0,51253.0,2025.24575372
2024-02-23,51252.0,51507.0,50519.0,50743.0,1923.68472986
2024-02-24,50738.0,51683.0,50581.0,51562.0,508.41676974
2024-02-25,51564.0,51958.0,51282.0,51722.0,587.08498174
2024-02-26,51738.0,54969.0,50909.0,54524.0,2566.50806379
2024-02-27,54534.0,57615.0,54500.0,57068.0,4197.17042096
2024-02-28,57065.0,64000.0,56724.0,62512.0,5991.00971487
2024-02-29,62512.0,63684.0,60365.0,61161.0,4398.26024998
2024-03-01,61161.0,63265.0,60801.0,62444.0,2116.10682875
2024-03-02,62433.0,62488.0,61645.0,62042.0,856.26122565
2024-03-03,62034.0,63249.0,61402.0,63142.0,1242.8927295
2024-03-04,63140.0,68577.0,62376.0,68359.0,4423.23610151
2024-03-05,68359.0,69210.0,59313.0,63796.0,7391.4541923
2024-03-06,63815.0,67645.0,62843.0,66120.0,4235.32811565
2024-03-07,66124.0,68061.0,65623.0,66941.0,3354.92016734
2024-03-08,66928.0,70184.0,66264.0,68285.0,4423.05734977
2024-03-09,68285.0,68685.0,68050.0,68463.0,856.10732179
2024-03-10,68464.0,69999.0,68196.0,69026.0,1987.10943818
2024-03-11,69013.0,72910.0,67120.0,72118.0,5028.35031787
2024-03-12,72105.0,73054.0,68636.0,71473.0,4051.75855118
2024-03-13,71473.0,73679.0,71340.0,73121.0,3647.59207209
2024-03-14,73130.0,73794.0,68555.0,71371.0,4144.37504552
2024-03-15,71387.0,72415.0,65569.0,69516.0,4952.41009755
2024-03-16,69505.0,70069.0,64780.0,65248.0,2215.16496436
2024-03-17,65245.0,68867.0,64522.0,68352.0,2040.41028069
2024-03-18,68344.0,68902.0,66585.0,67613.0,2891.66816826
2024-03-19,67603.0,68123.0,61447.0,61897.0,5318.12575849
2024-03-20,61919.0,68168.0,60760.0,67872.0,4989.90459203
2024-03-21,67842.0,68249.0,64537.0,65485.0,2935.80449282
2024-03-22,65477.0,66631.0,62332.0,63807.0,2420.55836222
2024-03-23,63812.0,66027.0,63016.0,64001.0,1252.51357681
2024-03-24,64007.0,67613.0,63807.0,67188.0,1391.93505712
2024-03-25,67208.0,71213.0,66407.0,69898.0,3049.19168605
2024-03-26,69889.0,71572.0,69257.0,69997.0,2479.94799343
2024-03-27,69999.0,71754.0,68362.0,69421.0,2306.37023009
2024-03-28,69406.0,71587.0,68863.0,70803.0,2146.14929567
2024-03-29,70769.0,70929.0,69073.0,69903.0,1131.13270761
2024-03-30,69934.0,70344.0,69586.0,69613.0,589.84093164
2024-03-31,69616.0,71391.0,69594.0,71285.0,857.97967024
2024-04-01,71296.0,71296.0,68073.0,69699.0,2032.76552736
2024-04-02,69694.0,69706.0,64545.0,65469.0,3531.6205486
2024-04-03,65471.0,66942.0,64511.0,65988.0,1876.12270366
2024-04-04,65984.0,69328.0,65100.0,68538.0,2332.36734433
2024-04-05,68522.0,68767.0,65999.0,67857.0,2200.99431004
2024-04-06,67851.0,69680.0,67476.0,68917.0,729.56296087
2024-04-07,68907.0,70310.0,68858.0,69358.0,1123.92861936
2024-04-08,69336.0,72756.0,69073.0,71613.0,2247.97574988
2024-04-09,71623.0,71748.0,68217.0,69135.0,2320.07201561
2024-04-10,69100.0,71150.0,67482.0,70630.0,2494.31665671
2024-04-11,70638.0,71287.0,69555.0,70015.0,1976.13409975
2024-04-12,70019.0,71236.0,65230.0,67150.0,2855.3300716
2024-04-13,67146.0,67930.0,61308.0,64054.0,3638.57218138
2024-04-14,64039.0,65859.0,62162.0,65749.0,2675.95110563
2024-04-15,65748.0,66900.0,62340.0,63438.0,2619.50946939
2024-04-16,63467.0,64376.0,61654.0,63830.0,2685.27308755
2024-04-17,63821.0,64636.0,59672.0,61278.0,3227.19219541
2024-04-18,61256.0,64182.0,60830.0,63515.0,2353.15232284
2024-04-19,63512.0,65506.0,59629.0,63821.0,3756.32419865
2024-04-20,63847.0,65450.0,63136.0,64990.0,1178.86192275
2024-04-21,64978.0,65710.0,64294.0,64950.0,871.65106463
2024-04-22,64951.0,67241.0,64545.0,66855.0,2019.58758121
2024-04-23,66845.0,67201.0,65837.0,66421.0,1200.34622413
2024-04-24,66413.0,67057.0,63554.0,64259.0,2072.24874267
2024-04-25,64254.0,65286.0,62785.0,64493.0,1851.69406596
2024-04-26,64488.0,64793.0,63306.0,63745.0,1213.85952947
2024-04-27,63746.0,63903.0,62405.0,63429.0,833.17012398
2024-04-28,63417.0,64310.0,62811.0,63098.0,807.23701868
2024-04-29,63106.0,64181.0,61764.0,63832.0,1496.50152656
2024-04-30,63849.0,64714.0,59068.0,60632.0,2740.34760244
2024-05-01,60611.0,60786.0,56500.0,58256.0,3523.30096206
2024-05-02,58272.0,59623.0,56932.0,59099.0,1700.0955159
2024-05-03,59076.0,63340.0,58829.0,62915.0,2560.04102097
2024-05-04,62907.0,64522.0,62585.0,63899.0,1400.47938778
2024-05-05,63901.0,64625.0,62947.0,64021.0,918.78327523
2024-05-06,64024.0,65513.0,62720.0,63164.0,1643.13715228
2024-05-07,63159.0,64389.0,62278.0,62320.0,1357.12199145
2024-05-08,62310.0,62996.0,60873.0,61181.0,1469.20210523
2024-05-09,61143.0,63409.0,60634.0,63075.0,1386.15467473
2024-05-10,63072.0,63876.0,60176.0,60793.0,2229.56085163
2024-05-11,60799.0,61454.0,60474.0,60816.0,516.41893738
2024-05-12,60813.0,61848.0,60600.0,61462.0,638.44732414
2024-05-13,61446.0,63444.0,60758.0,62934.0,1831.88901336
2024-05-14,62917.0,63075.0,61108.0,61543.0,1560.7659125
2024-05-15,61552.0,66471.0,61322.0,66242.0,3794.61266735
2024-05-16,66234.0,66766.0,64598.0,65252.0,1760.07421083
2024-05-17,65252.0,67482.0,65129.0,67053.0,1703.98497047
2024-05-18,67059.0,67391.0,66663.0,66930.0,526.31056179
2024-05-19,66923.0,67654.0,65901.0,66275.0,535.79306702
2024-05-20,66255.0,71500.0,66074.0,71401.0,2681.31745309
2024-05-21,71435.0,71958.0,69156.0,70136.0,1968.84633605
2024-05-22,70155.0,70649.0,68879.0,69118.0,1537.25078005
2024-05-23,69151.0,70024.0,66343.0,67945.0,2160.78304618
2024-05-24,67915.0,69254.0,66623.0,68548.0,1132.91119417
2024-05-25,68549.0,69580.0,68503.0,69275.0,499.49995762
2024-05-26,69288.0,69500.0,68136.0,68489.0,610.501155
2024-05-27,68471.0,70601.0,68225.0,69392.0,1406.51067265
2024-05-28,69363.0,69513.0,67193.0,68327.0,2285.11775116
2024-05-29,68347.0,68852.0,67096.0,67564.0,1273.08586449
2024-05-30,67566.0,69524.0,67105.0,68338.0,1757.50551322
2024-05-31,68330.0,69010.0,66624.0,67477.0,1880.05905818
2024-06-01,67513.0,67810.0,67387.0,67723.0,368.62403719
2024-06-02,67722.0,68405.0,67281.0,67752.0,544.3606243
2024-06-03,67744.0,70268.0,67590.0,68801.0,2391.37592427
2024-06-04,68798.0,71074.0,68553.0,70564.0,2051.63351034
2024-06-05,70546.0,71759.0,69600.0,71119.0,2051.7699104
2024-06-06,71109.0,71629.0,70116.0,70775.0,1673.76086776
2024-06-07,70771.0,71949.0,68450.0,69326.0,3140.9712716
2024-06-08,69321.0,69538.0,69150.0,69306.0,428.02241418
2024-06-09,69306.0,69840.0,69131.0,69640.0,464.35226548
2024-06-10,69649.0,70167.0,69173.0,69501.0,830.15464417
2024-06-11,69506.0,69548.0,66011.0,67306.0,2436.68224536
2024-06-12,67306.0,70007.0,66911.0,68243.0,2448.03512812
2024-06-13,68240.0,68433.0,66242.0,66733.0,1996.6514887
2024-06-14,66765.0,67314.0,64936.0,65996.0,2391.47091898
2024-06-15,65995.0,66415.0,65828.0,66182.0,659.40470208
2024-06-16,66181.0,66914.0,66010.0,66622.0,738.0346897
2024-06-17,66622.0,67260.0,65066.0,66475.0,2463.1706555
2024-06-18,66475.0,66559.0,64032.0,65145.0,2210.70701056
2024-06-19,65141.0,65702.0,64664.0,64946.0,927.57952823
2024-06-20,64947.0,66455.0,64516.0,64845.0,2185.32362168
2024-06-21,64841.0,65004.0,63356.0,64102.0,1656.40021868
2024-06-22,64116.0,64491.0,63917.0,64233.0,277.84084542
2024-06-23,64245.0,64490.0,63136.0,63154.0,633.14997106
2024-06-24,63152.0,63302.0,58456.0,60252.0,3965.34722322
2024-06-25,60250.0,62395.0,60223.0,61789.0,2662.52829079
2024-06-26,61798.0,62458.0,60675.0,60807.0,1392.69465818
2024-06-27,60820.0,62323.0,60561.0,61622.0,1601.14628175
2024-06-28,61609.0,62151.0,59923.0,60315.0,1742.50478624
2024-06-29,60312.0,61114.0,60296.0,60879.0,580.79352981
2024-06-30,60882.0,62931.0,60620.0,62676.0,969.08894969
2024-07-01,62676.0,63794.0,62465.0,62829.0,1936.67850292
2024-07-02,62822.0,63211.0,61731.0,62033.0,1129.73936644
2024-07-03,62046.0,62196.0,59334.0,60142.0,2033.0635548
2024-07-04,60165.0,60430.0,56748.0,57045.0,2423.25294936
2024-07-05,57030.0,57500.0,53550.0,56632.0,3234.2285631
2024-07-06,56632.0,58488.0,56044.0,58251.0,1203.36563905
2024-07-07,58253.0,58441.0,55729.0,55829.0,1080.88868598
2024-07-08,55852.0,58200.0,54296.0,56710.0,3198.87849576
2024-07-09,56697.0,58278.0,56300.0,58033.0,2404.8954909
2024-07-10,58028.0,59459.0,57152.0,57733.0,1861.63028273
2024-07-11,57700.0,59516.0,57072.0,57348.0,2085.43922834
2024-07-12,57345.0,58539.0,56551.0,57889.0,2139.09979841
2024-07-13,57907.0,59853.0,57783.0,59226.0,1402.77014751
2024-07-14,59257.0,61424.0,59257.0,60823.0,1472.24156208
2024-07-15,60827.0,64926.0,60685.0,64769.0,3739.21959674
2024-07-16,64759.0,65403.0,62446.0,65081.0,3199.09903583
2024-07-17,65081.0,66129.0,63890.0,64091.0,1880.49090986
2024-07-18,64104.0,65108.0,63227.0,63964.0,1526.40752618
2024-07-19,63977.0,67466.0,63303.0,66705.0,3112.2854205
2024-07-20,66705.0,67617.0,66284.0,67155.0,1186.52410101
2024-07-21,67164.0,68364.0,65833.0,68158.0,1881.46231613
2024-07-22,68170.0,68486.0,66583.0,67562.0,2375.20572016
2024-07-23,67561.0,67776.0,65452.0,65944.0,2417.1788543
2024-07-24,65943.0,67112.0,65117.0,65376.0,1796.81531975
2024-07-25,65363.0,66135.0,63424.0,65796.0,2022.67493049
2024-07-26,65794.0,68214.0,65712.0,67921.0,1786.03393977
2024-07-27,67952.0,69404.0,66637.0,67892.0,1875.17940599
2024-07-28,67837.0,68298.0,67064.0,68264.0,861.95803297
2024-07-29,68240.0,70016.0,66445.0,66780.0,2363.69521213
2024-07-30,66765.0,66983.0,65302.0,66171.0,1561.0859685
2024-07-31,66170.0,66814.0,64507.0,64612.0,1629.25774256
2024-08-01,64612.0,65568.0,62233.0,65293.0,2890.60704678
2024-08-02,65293.0,65548.0,61169.0,61421.0,3479.04685468
2024-08-03,61419.0,62151.0,59839.0,60672.0,1821.49896119
2024-08-04,60669.0,61073.0,57155.0,58142.0,2394.63310114
2024-08-05,58137.0,58280.0,49577.0,54014.0,8238.87212141
2024-08-06,54040.0,57058.0,53977.0,56053.0,3769.72498337
2024-08-07,56048.0,57737.0,54568.0,55136.0,3993.76663285
2024-08-08,55132.0,62729.0,54748.0,61699.0,3876.67202263
2024-08-09,61733.0,61740.0,59571.0,60860.0,2241.31073361
2024-08-10,60842.0,61476.0,60270.0,60952.0,1018.51751275
2024-08-11,60940.0,61868.0,58315.0,58725.0,1496.95386612
2024-08-12,58718.0,60700.0,57681.0,59362.0,3412.56068233
2024-08-13,59361.0,61600.0,58455.0,60620.0,2874.93115361
2024-08-14,60607.0,61809.0,58456.0,58697.0,3027.98966223
2024-08-15,58694.0,59851.0,56138.0,57557.0,3240.34341745
2024-08-16,57556.0,59841.0,57104.0,58883.0,2945.17331922
2024-08-17,58883.0,59704.0,58828.0,59487.0,913.41960834
2024-08-18,59487.0,60271.0,58414.0,58430.0,1375.04482657
2024-08-19,58440.0,59631.0,57844.0,59497.0,2045.09787264
2024-08-20,59462.0,61424.0,58553.0,59012.0,2569.3787569
2024-08-21,59012.0,61838.0,58816.0,61159.0,2508.01462281
2024-08-22,61169.0,61416.0,59774.0,60383.0,1929.30627319
2024-08-23,60383.0,64988.0,60348.0,64085.0,3470.07123728
2024-08-24,64095.0,64506.0,63594.0,64174.0,1163.89809817
2024-08-25,64176.0,65103.0,63814.0,64262.0,918.66616491
2024-08-26,64248.0,64502.0,62826.0,62852.0,1460.73492982
2024-08-27,62822.0,63236.0,58090.0,59427.0,2540.60072662
2024-08-28,59433.0,60212.0,57866.0,59033.0,2782.47691366
2024-08-29,59033.0,61182.0,58701.0,59365.0,2511.22388288
2024-08-30,59363.0,59905.0,57721.0,59113.0,2039.74822306
2024-08-31,59113.0,59431.0,58750.0,58967.0,738.75417566
2024-09-01,58967.0,59060.0,57205.0,57310.0,1650.43196007
2024-09-02,57278.0,59411.0,57131.0,59133.0,1642.91265395
2024-09-03,59123.0,59803.0,57402.0,57493.0,1476.9343549
2024-09-04,57506.0,58518.0,55602.0,57956.0,2077.78659826
2024-09-05,57974.0,58315.0,55649.0,56158.0,1485.69244111
2024-09-06,56179.0,56984.0,52546.0,53955.0,2938.3981761
2024-09-07,53947.0,54839.0,53731.0,54147.0,1046.863932
2024-09-08,54150.0,55306.0,53636.0,54866.0,1237.77945151
2024-09-09,54876.0,58070.0,54587.0,57059.0,2644.12002332
2024-09-10,57056.0,58042.0,56406.0,57659.0,1878.56149502
2024-09-11,57646.0,58000.0,55554.0,57342.0,3024.35845323
2024-09-12,57342.0,58560.0,57335.0,58139.0,2392.01885139
2024-09-13,58139.0,60670.0,57640.0,60545.0,2622.28151587
2024-09-14,60551.0,60655.0,59438.0,60012.0,744.81553897
2024-09-15,60012.0,60388.0,58708.0,59130.0,1377.74210648
2024-09-16,59121.0,59209.0,57488.0,58212.0,1692.12077561
2024-09-17,58208.0,61331.0,57627.0,60316.0,2677.19875968
2024-09-18,60318.0,61787.0,59189.0,61757.0,3237.8308454
2024-09-19,61765.0,63882.0,61584.0,62940.0,3050.81602877
2024-09-20,62950.0,64121.0,62353.0,63211.0,1646.72507369
2024-09-21,63189.0,63574.0,62760.0,63364.0,578.82075001
2024-09-22,63364.0,63990.0,62390.0,63563.0,932.57108331
2024-09-23,63577.0,64730.0,62585.0,63325.0,1113.07851811
2024-09-24,63360.0,64677.0,62720.0,64260.0,1621.50232416
2024-09-25,64291.0,64795.0,62941.0,63147.0,1172.76426267
2024-09-26,63121.0,65851.0,62675.0,65175.0,1758.77420578
2024-09-27,65171.0,66508.0,64840.0,65781.0,1261.81543351
2024-09-28,65809.0,66255.0,65442.0,65876.0,557.50374744
2024-09-29,65875.0,66071.0,65450.0,65601.0,487.19186994
2024-09-30,65605.0,65634.0,62859.0,63302.0,1759.70729545
2024-10-01,63331.0,64122.0,60164.0,60807.0,2797.97709897
2024-10-02,60760.0,62350.0,59972.0,60634.0,2437.72512955
2024-10-03,60627.0,61461.0,59860.0,60745.0,1412.60368684
2024-10-04,60747.0,62473.0,60474.0,62081.0,1394.47802907
2024-10-05,62080.0,62368.0,61699.0,62063.0,449.65424183
2024-10-06,62057.0,62962.0,61816.0,62814.0,846.73208591
2024-10-07,62831.0,64444.0,62130.0,62212.0,1815.26837202
2024-10-08,62211.0,63172.0,61839.0,62133.0,1116.30278349
2024-10-09,62114.0,62503.0,60268.0,60582.0,1354.90943313
2024-10-10,60589.0,61246.0,58867.0,60278.0,1799.48728956
2024-10-11,60278.0,63409.0,60041.0,62452.0,1582.70508322
2024-10-12,62511.0,63455.0,62474.0,63194.0,685.69286582
2024-10-13,63193.0,63271.0,62039.0,62849.0,653.16610878
2024-10-14,62850.0,66479.0,62450.0,66070.0,2390.38938585
2024-10-15,66070.0,67922.0,64802.0,67061.0,2488.99178965
2024-10-16,67061.0,68388.0,66744.0,67622.0,1716.95969807
2024-10-17,67608.0,67914.0,66631.0,67392.0,1298.22146294
2024-10-18,67392.0,68998.0,67176.0,68420.0,1434.33126968
2024-10-19,68420.0,68668.0,68020.0,68359.0,414.91156597
2024-10-20,68367.0,69363.0,68102.0,69011.0,606.10309373
2024-10-21,69011.0,69487.0,66815.0,67340.0,1752.72054327
2024-10-22,67345.0,67784.0,66559.0,67382.0,1626.8596456
2024-10-23,67382.0,67409.0,65000.0,66601.0,1927.84170953
2024-10-24,66602.0,68800.0,66455.0,68155.0,2140.08818467
2024-10-25,68155.0,68726.0,65521.0,66578.0,2730.81362994
2024-10-26,66576.0,67352.0,66344.0,67003.0,489.32578253
2024-10-27,67009.0,68232.0,66850.0,67938.0,739.97895752
2024-10-28,67937.0,70218.0,67541.0,69918.0,2063.86332457
2024-10-29,69918.0,73600.0,69716.0,72729.0,3975.6902031
2024-10-30,72727.0,72928.0,71313.0,72331.0,2263.68354591
2024-10-31,72330.0,72660.0,69591.0,70231.0,1776.40915493
2024-11-01,70202.0,71596.0,68768.0,69490.0,2717.47179295
2024-11-02,69468.0,69887.0,69015.0,69330.0,1047.12468684
2024-11-03,69339.0,69354.0,67459.0,68738.0,1915.47157334
2024-11-04,68738.0,69444.0,66798.0,67818.0,2538.34080221
2024-11-05,67817.0,70538.0,67443.0,69386.0,2370.70518293
2024-11-06,69396.0,76481.0,69284.0,75637.0,7732.00129394
2024-11-07,75638.0,76990.0,74479.0,75921.0,3265.43357289
2024-11-08,75918.0,77270.0,75665.0,76561.0,2466.52573117
2024-11-09,76560.0,76941.0,75648.0,76722.0,837.82745419
2024-11-10,76707.0,81482.0,76554.0,80425.0,2739.76560525
2024-11-11,80426.0,89643.0,80280.0,88770.0,6695.15671543
2024-11-12,88771.0,90243.0,85121.0,88031.0,8037.51453432
2024-11-13,88038.0,93483.0,86263.0,90521.0,7338.0297277
2024-11-14,90498.0,91804.0,86685.0,87333.0,3805.7616409
2024-11-15,87298.0,91909.0,87119.0,91070.0,4491.15106913
2024-11-16,91069.0,91778.0,90100.0,90608.0,1538.87717754
2024-11-17,90643.0,91429.0,88709.0,89861.0,2016.09767635
2024-11-18,89865.0,92624.0,89392.0,90512.0,4276.18821636
2024-11-19,90514.0,94057.0,90407.0,92424.0,3884.88262437
2024-11-20,92434.0,94942.0,91407.0,94373.0,9293.97029198
2024-11-21,94374.0,99121.0,94106.0,98451.0,7280.76958238
2024-11-22,98451.0,99800.0,97236.0,99013.0,4646.09454486
2024-11-23,99010.0,99015.0,97226.0,97775.0,1719.12474462
2024-11-24,97765.0,98660.0,95796.0,98007.0,1814.0075721
2024-11-25,98021.0,98966.0,92584.0,93035.0,2969.54841533
2024-11-26,93006.0,94999.0,90742.0,91928.0,3575.09743077
2024-11-27,91929.0,97353.0,91760.0,95978.0,2999.13415798
2024-11-28,95945.0,96658.0,94670.0,95661.0,2070.2707683
2024-11-29,95670.0,98745.0,95410.0,97512.0,2410.84197795
2024-11-30,97510.0,97510.0,96112.0,96441.0,646.22078077
2024-12-01,96471.0,97880.0,95758.0,97291.0,884.6556605
2024-12-02,97260.0,98200.0,94403.0,95859.0,3225.0210163
2024-12-03,95858.0,96301.0,93590.0,95926.0,3484.90912488
2024-12-04,95926.0,99250.0,94661.0,98773.0,4309.94473587
2024-12-05,98751.0,103647.0,92092.0,97057.0,7450.45018748
2024-12-06,96968.0,102098.0,96463.0,99898.0,2613.21105227
2024-12-07,99898.0,100575.0,99121.0,99929.0,587.87674509
2024-12-08,99969.0,101407.0,98752.0,101204.0,1073.32763391
2024-12-09,101188.0,101271.0,94249.0,97468.0,2468.79283854
2024-12-10,97318.0,98300.0,94306.0,96648.0,2092.49724122
2024-12-11,96658.0,101961.0,95725.0,101201.0,2196.1813751
2024-12-12,101238.0,102582.0,99309.0,100068.0,1393.19342191
2024-12-13,99998.0,101918.0,99250.0,101435.0,1030.49421453
2024-12-14,101433.0,102643.0,100643.0,101382.0,566.5366089
2024-12-15,101408.0,105149.0,101243.0,104427.0,1369.98798554
2024-12-16,104476.0,107821.0,103322.0,106073.0,2171.77263705
2024-12-17,106109.0,108364.0,105363.0,106187.0,1405.93900566
2024-12-18,106214.0,106523.0,99997.0,100153.0,2557.28814854
2024-12-19,100133.0,102747.0,95537.0,97375.0,3425.5015449
2024-12-20,97416.0,98123.0,92118.0,97760.0,2706.24143724
2024-12-21,97745.0,99514.0,96399.0,97211.0,1740.04323929
2024-12-22,97245.0,97376.0,94200.0,95098.0,2075.50874332
2024-12-23,95100.0,96420.0,92389.0,94750.0,2428.60426472
2024-12-24,94750.0,99419.0,93461.0,98596.0,1444.53568991
2024-12-25,98637.0,99478.0,97576.0,99374.0,849.51224828
2024-12-26,99357.0,99881.0,95111.0,95687.0,1501.36776618
2024-12-27,95666.0,97337.0,93282.0,94168.0,2416.24232245
2024-12-28,94159.0,95529.0,94026.0,95139.0,839.50518103
2024-12-29,95119.0,95124.0,92868.0,93557.0,851.80554921
2024-12-30,93564.0,94891.0,91315.0,92628.0,1841.04308392
2024-12-31,92637.0,96117.0,91900.0,93381.0,1128.82793677
2025-01-01,93347.0,94951.0,92768.0,94388.0,777.13942547
2025-01-02,94380.0,97745.0,94205.0,96907.0,1219.19370744
2025-01-03,96895.0,98951.0,96042.0,98133.0,1159.41909795
2025-01-04,98133.0,98753.0,97540.0,98209.0,445.49130336
2025-01-05,98218.0,98799.0,97277.0,98327.0,454.72019157
2025-01-06,98389.0,102514.0,97919.0,102280.0,1742.61289193
2025-01-07,102278.0,102760.0,96130.0,96946.0,1490.59996722
2025-01-08,96922.0,97248.0,92502.0,95065.0,2081.0446275
2025-01-09,95034.0,95333.0,91215.0,92542.0,1877.80058869
2025-01-10,92545.0,95797.0,92227.0,94702.0,1798.96999215
2025-01-11,94702.0,94975.0,93843.0,94568.0,639.87740098
2025-01-12,94573.0,95363.0,93685.0,94497.0,570.97876662
2025-01-13,94498.0,95846.0,89164.0,94505.0,2125.86232734
2025-01-14,94537.0,97339.0,94345.0,96523.0,1477.80944326
2025-01-15,96560.0,100715.0,96474.0,100512.0,1811.81706595
2025-01-16,100512.0,100860.0,97319.0,99975.0,1817.77460574
2025-01-17,99975.0,105932.0,99944.0,104119.0,3087.39708067
2025-01-18,104119.0,104909.0,102238.0,104436.0,1306.42802809
2025-01-19,104432.0,106294.0,99528.0,101237.0,2602.44233467
2025-01-20,101191.0,109356.0,99462.0,102141.0,3921.86906882
2025-01-21,102155.0,107265.0,100087.0,106149.0,3058.41033426
2025-01-22,106149.0,106370.0,103322.0,103632.0,1713.55368827
2025-01-23,103659.0,106848.0,101233.0,103933.0,3790.17304182
2025-01-24,103922.0,107149.0,102754.0,104855.0,1725.23369955
2025-01-25,104855.0,105237.0,104126.0,104738.0,735.89058503
2025-01-26,104741.0,105424.0,102450.0,102573.0,798.34131897
2025-01-27,102573.0,103186.0,97750.0,102090.0,3210.12625421
2025-01-28,102065.0,103745.0,100225.0,101292.0,1721.67321227
2025-01-29,101291.0,104769.0,101288.0,103747.0,1535.93165933
2025-01-30,103768.0,106447.0,103313.0,104738.0,1543.13930195
2025-01-31,104737.0,106046.0,101303.0,102412.0,2016.51235916
2025-02-01,102408.0,102754.0,100270.0,100638.0,785.48911683
2025-02-02,100638.0,101430.0,96168.0,97675.0,1747.97820698
2025-02-03,97670.0,102569.0,91530.0,101457.0,4081.88402077
2025-02-04,101456.0,101785.0,96147.0,97786.0,2068.16739103
2025-02-05,97809.0,99168.0,96181.0,96614.0,1576.92222741
2025-02-06,96614.0,99174.0,95678.0,96573.0,1723.92521071
2025-02-07,96566.0,100185.0,95662.0,96535.0,1936.93167774
2025-02-08,96534.0,96896.0,95700.0,96472.0,615.71243239
2025-02-09,96472.0,97337.0,94726.0,96477.0,1008.66870716
2025-02-10,96533.0,98349.0,95307.0,97469.0,994.10887876
2025-02-11,97465.0,98490.0,94853.0,95754.0,1284.47141085
2025-02-12,95756.0,98144.0,94091.0,97882.0,1476.47049215
2025-02-13,97882.0,98091.0,95249.0,96627.0,857.75893529
2025-02-14,96631.0,98871.0,96300.0,97520.0,1251.2726876
2025-02-15,97515.0,97974.0,97237.0,97591.0,335.74480408
2025-02-16,97591.0,97727.0,96066.0,96132.0,445.57381146
2025-02-17,96066.0,97014.0,95227.0,95772.0,800.63807134
2025-02-18,95779.0,96714.0,93340.0,95612.0,1415.52902397
2025-02-19,95612.0,96866.0,95011.0,96642.0,1420.10472761
2025-02-20,96639.0,98758.0,96439.0,98337.0,1681.57650135
2025-02-21,98335.0,99508.0,94805.0,96131.0,2838.77561898
2025-02-22,96137.0,96967.0,95750.0,96572.0,795.72262624
2025-02-23,96571.0,96666.0,95260.0,96262.0,539.9144753
2025-02-24,96264.0,96492.0,91330.0,91554.0,1692.14741385
2025-02-25,91516.0,92512.0,85953.0,88576.0,4284.62546279
2025-02-26,88573.0,89279.0,82133.0,84071.0,3118.75478282
2025-02-27,84150.0,86988.0,82615.0,84639.0,2559.94908433
2025-02-28,84621.0,85082.0,78197.0,84321.0,3567.36797341
2025-03-01,84316.0,86517.0,83803.0,86033.0,1461.96601707
2025-03-02,86031.0,95152.0,85029.0,94273.0,3153.02965002
2025-03-03,94272.0,94422.0,85069.0,86160.0,2856.70424439
2025-03-04,86161.0,88922.0,81463.0,87240.0,3206.20571035
2025-03-05,87262.0,90993.0,86397.0,90611.0,1832.66540574
2025-03-06,90590.0,92790.0,87835.0,89918.0,2169.68972472
2025-03-07,89922.0,91277.0,84713.0,86759.0,3286.78015466
2025-03-08,86754.0,86861.0,85190.0,86192.0,579.74911104
2025-03-09,86204.0,86469.0,80000.0,80708.0,1710.17938787
2025-03-10,80728.0,84007.0,77393.0,78561.0,2977.79268756
2025-03-11,78599.0,83568.0,76600.0,82869.0,2656.56371178
2025-03-12,82941.0,84437.0,80607.0,83620.0,2469.21846953
2025-03-13,83677.0,84287.0,79910.0,81079.0,1830.00089168
2025-03-14,81084.0,85294.0,80801.0,83975.0,1986.99511377
2025-03-15,83984.0,84672.0,83633.0,84347.0,486.19010212
2025-03-16,84362.0,85059.0,81983.0,82555.0,1178.20234353
2025-03-17,82569.0,84741.0,82466.0,84058.0,1198.89639605
2025-03-18,83930.0,83989.0,81138.0,82715.0,1290.21505333
2025-03-19,82694.0,87010.0,82567.0,86868.0,1926.60953491
2025-03-20,86870.0,87470.0,83631.0,84158.0,1877.13235545
2025-03-21,84179.0,84801.0,83142.0,84061.0,1146.50782993
2025-03-22,84050.0,84490.0,83682.0,83823.0,316.86484991
2025-03-23,83806.0,86116.0,83806.0,86084.0,649.91397891
2025-03-24,86084.0,88772.0,85541.0,87512.0,1888.33413141
2025-03-25,87488.0,88539.0,86321.0,87436.0,2134.77215325
2025-03-26,87448.0,88296.0,85869.0,86913.0,1552.95977276
2025-03-27,86966.0,87755.0,85828.0,87219.0,1289.3728971
2025-03-28,87224.0,87481.0,83544.0,84379.0,1392.33624956
2025-03-29,84384.0,84561.0,81629.0,82608.0,745.3934536
2025-03-30,82608.0,83500.0,81551.0,82359.0,840.38263469
2025-03-31,82367.0,83914.0,81287.0,82538.0,1937.3372797
2025-04-01,82537.0,85530.0,82417.0,85170.0,1504.00240153
2025-04-02,85171.0,88563.0,81188.0,82502.0,2861.64666347
2025-04-03,82477.0,83896.0,81200.0,83132.0,1777.45240819
2025-04-04,83182.0,84708.0,81659.0,83851.0,2005.88282699
2025-04-05,83852.0,84226.0,82358.0,83507.0,518.1818543
2025-04-06,83514.0,83741.0,77098.0,78342.0,2165.48130222
2025-04-07,78381.0,81180.0,74434.0,79127.0,4083.99710956
2025-04-08,79134.0,80836.0,76159.0,76244.0,2245.5090104
2025-04-09,76252.0,83565.0,74588.0,82595.0,4038.27621051
2025-04-10,82594.0,82722.0,78424.0,79543.0,1564.07737754
2025-04-11,79558.0,84257.0,78942.0,83384.0,1728.84098877
2025-04-12,83384.0,85892.0,82784.0,85274.0,847.63757574
2025-04-13,85277.0,86084.0,83031.0,83712.0,1210.92223051
2025-04-14,83774.0,85787.0,83680.0,84583.0,1425.88175716
2025-04-15,84583.0,86450.0,83612.0,83686.0,1162.91179825
2025-04-16,83632.0,85528.0,83102.0,84046.0,1593.44839937
2025-04-17,84045.0,85478.0,83751.0,84954.0,1119.58782405
2025-04-18,84954.0,85121.0,84310.0,84468.0,323.24096242
2025-04-19,84466.0,85611.0,84367.0,85069.0,631.49083813
2025-04-20,85074.0,85305.0,83974.0,85198.0,462.80974618
2025-04-21,85197.0,88527.0,85134.0,87505.0,2179.81586603
2025-04-22,87505.0,93928.0,87094.0,93481.0,2859.469206
2025-04-23,93482.0,94700.0,91970.0,93730.0,2423.4269158
2025-04-24,93730.0,94035.0,91700.0,94010.0,1192.7081751
2025-04-25,94010.0,95857.0,92891.0,94726.0,2287.68750103
2025-04-26,94720.0,95249.0,93934.0,94662.0,518.68073079
2025-04-27,94662.0,95353.0,93685.0,93769.0,582.20526798
2025-04-28,93780.0,95633.0,92846.0,95041.0,1571.43868511
2025-04-29,95040.0,95479.0,93775.0,94285.0,877.67378025
2025-04-30,94284.0,95269.0,92946.0,94181.0,1384.2436258
2025-05-01,94181.0,97470.0,94141.0,96535.0,1742.18663518
2025-05-02,96557.0,97938.0,96399.0,96925.0,919.20772116
2025-05-03,96926.0,96956.0,95800.0,95916.0,696.37418877
2025-05-04,95850.0,96295.0,94162.0,94316.0,562.77317581
2025-05-05,94301.0,95198.0,93550.0,94725.0,936.93369617
2025-05-06,94725.0,96895.0,93376.0,96814.0,1074.63503655
2025-05-07,96815.0,97717.0,95823.0,97054.0,1333.27237851
2025-05-08,97059.0,104159.0,96907.0,103261.0,2303.46314389
2025-05-09,103234.0,104332.0,102350.0,102991.0,1336.08590855
2025-05-10,102992.0,104985.0,102845.0,104809.0,624.26506624
2025-05-11,104809.0,104958.0,103369.0,104129.0,718.36832309
2025-05-12,104138.0,105706.0,100764.0,102796.0,1914.47205431
2025-05-13,102796.0,104997.0,101471.0,104135.0,1432.50405705
2025-05-14,104126.0,104357.0,102622.0,103531.0,1171.49377037
2025-05-15,103514.0,104184.0,101442.0,103793.0,1339.09330148
2025-05-16,103800.0,104570.0,103137.0,103506.0,994.76037696
2025-05-17,103503.0,103720.0,102668.0,103153.0,459.80988884
2025-05-18,103172.0,106635.0,103149.0,106520.0,905.17939556
2025-05-19,106520.0,107115.0,102126.0,105622.0,1677.9321234
2025-05-20,105630.0,107340.0,104232.0,106855.0,1462.42485262
2025-05-21,106891.0,110730.0,106141.0,109682.0,2430.79413683
2025-05-22,109696.0,112000.0,109252.0,111743.0,1375.74025669
2025-05-23,111742.0,111816.0,106827.0,107329.0,1588.22862639
2025-05-24,107319.0,109501.0,106908.0,107799.0,577.06680579
2025-05-25,107798.0,109383.0,106666.0,109068.0,908.97625311
2025-05-26,109114.0,110461.0,108759.0,109468.0,736.73662452
2025-05-27,109474.0,110789.0,107562.0,108980.0,1296.61250535
2025-05-28,108980.0,109307.0,106804.0,107811.0,1079.82738975
2025-05-29,107821.0,108924.0,105374.0,105578.0,1431.77890157
2025-05-30,105577.0,106329.0,103675.0,104034.0,1224.11022278
2025-05-31,103988.0,104947.0,103127.0,104646.0,483.31138627
2025-06-01,104646.0,105908.0,103832.0,105705.0,648.06747831
2025-06-02,105677.0,106001.0,103708.0,105905.0,941.7313758
2025-06-03,105890.0,106854.0,104947.0,105454.0,924.42389243
2025-06-04,105426.0,106036.0,104219.0,104745.0,791.94847355
2025-06-05,104734.0,105959.0,100426.0,101559.0,1374.3295089
2025-06-06,101558.0,105416.0,101159.0,104393.0,1474.94148302
2025-06-07,104416.0,105959.0,103992.0,105619.0,613.87145578
2025-06-08,105619.0,106507.0,105060.0,105792.0,353.13072588
2025-06-09,105791.0,110587.0,105389.0,110307.0,1163.27877626
2025-06-10,110311.0,110400.0,108403.0,110292.0,920.65276216
2025-06-11,110292.0,110398.0,108113.0,108678.0,717.4883123
2025-06-12,108670.0,108833.0,105731.0,105731.0,855.76506249
2025-06-13,105725.0,106209.0,102816.0,106118.0,1268.16488329
2025-06-14,106117.0,106250.0,104376.0,105464.0,516.90004886
2025-06-15,105475.0,106163.0,104532.0,105617.0,487.58970132
2025-06-16,105612.0,108990.0,105023.0,106829.0,932.05599039
2025-06-17,106853.0,107773.0,103388.0,104584.0,1157.65258947
2025-06-18,104617.0,105566.0,103521.0,104922.0,971.05031921
2025-06-19,104922.0,105254.0,103957.0,104688.0,464.84582604
2025-06-20,104682.0,106521.0,102309.0,103316.0,971.51619457
2025-06-21,103329.0,104013.0,100945.0,102139.0,817.52134527
2025-06-22,102198.0,103387.0,98240.0,101015.0,1366.05281274
2025-06-23,100990.0,106125.0,99705.0,105464.0,1771.47809411
2025-06-24,105418.0,106344.0,104695.0,106131.0,1158.17542632
2025-06-25,106132.0,108182.0,105872.0,107418.0,1202.13073102
2025-06-26,107417.0,108358.0,106640.0,107004.0,791.37974938
2025-06-27,107005.0,107794.0,106351.0,107100.0,1286.60711501
2025-06-28,107100.0,107584.0,106880.0,107348.0,204.99976689
2025-06-29,107353.0,108546.0,107239.0,108384.0,526.42907649
2025-06-30,108389.0,108800.0,106751.0,107179.0,809.671168
2025-07-01,107164.0,107560.0,105280.0,105709.0,918.59180036
2025-07-02,105698.0,109802.0,105130.0,108885.0,910.95167606
2025-07-03,108885.0,110557.0,108586.0,109648.0,902.39480928
2025-07-04,109647.0,109799.0,107303.0,108033.0,607.8822874
2025-07-05,108033.0,108416.0,107811.0,108240.0,219.21691172
2025-07-06,108240.0,109717.0,107858.0,109233.0,420.08244319
2025-07-07,109231.0,109711.0,107520.0,108287.0,708.78251782
2025-07-08,108286.0,109225.0,107471.0,108947.0,676.89664809
2025-07-09,108947.0,112040.0,108352.0,111287.0,1206.49472676
2025-07-10,111318.0,117000.0,110610.0,116031.0,1983.52144626
2025-07-11,116038.0,118839.0,115226.0,117579.0,1872.27005924
2025-07-12,117579.0,118227.0,116971.0,117464.0,657.61118852
2025-07-13,117464.0,119482.0,117256.0,119135.0,699.60199797
2025-07-14,119140.0,123236.0,118972.0,119879.0,2008.67990115
2025-07-15,119862.0,119945.0,115729.0,117769.0,5844.5567311
2025-07-16,117770.0,120086.0,117047.0,118718.0,1446.65793099
2025-07-17,118692.0,121000.0,117506.0,119275.0,1630.82389973
2025-07-18,119275.0,120900.0,116915.0,118022.0,1825.06401069
2025-07-19,118023.0,118553.0,117352.0,117916.0,499.25171162
2025-07-20,117917.0,118896.0,116551.0,117339.0,615.19846734
2025-07-21,117220.0,119682.0,116594.0,117437.0,1334.501578
2025-07-22,117437.0,120297.0,116186.0,120011.0,1298.08983461
2025-07-23,120011.0,120165.0,117376.0,118813.0,980.23169548
2025-07-24,118795.0,119525.0,117201.0,118347.0,1079.42129756
2025-07-25,118400.0,118509.0,114518.0,117653.0,5661.93875187
2025-07-26,117652.0,118340.0,117196.0,117962.0,618.43322749
2025-07-27,117983.0,119798.0,117888.0,119469.0,579.57477524
2025-07-28,119514.0,119826.0,117400.0,118051.0,1062.35423495
2025-07-29,118068.0,119267.0,116928.0,117926.0,1161.32333055
2025-07-30,117926.0,118775.0,115784.0,117834.0,1043.63562888
2025-07-31,117833.0,118904.0,115512.0,115750.0,1022.71220262
2025-08-01,115749.0,116054.0,112680.0,113243.0,2329.78743891
2025-08-02,113243.0,114008.0,111987.0,112522.0,1093.67089437
2025-08-03,112522.0,114774.0,111919.0,114226.0,757.70817537
2025-08-04,114245.0,115732.0,114129.0,115051.0,933.27650923
2025-08-05,115051.0,115106.0,112660.0,114133.0,941.80637472
2025-08-06,114129.0,115729.0,113365.0,115030.0,1202.63711783
2025-08-07,115030.0,117675.0,114280.0,117515.0,1447.58301804
2025-08-08,117515.0,117661.0,115896.0,116675.0,1599.13538797
2025-08-09,116675.0,117929.0,116350.0,116495.0,985.99079289
2025-08-10,116490.0,119310.0,116490.0,119310.0,1018.22600871
2025-08-11,119312.0,122312.0,118043.0,118712.0,2061.10609204
2025-08-12,118711.0,120304.0,118214.0,120107.0,1834.33264903
2025-08-13,120113.0,123715.0,118940.0,123360.0,2624.51093464
2025-08-14,123360.0,124517.0,117201.0,118394.0,2568.14323965
2025-08-15,118393.0,119336.0,116856.0,117446.0,1480.94500475
2025-08-16,117445.0,118057.0,117252.0,117460.0,818.55779223
2025-08-17,117451.0,118626.0,117266.0,117490.0,822.50240192
2025-08-18,117465.0,117622.0,114706.0,116265.0,1938.43650897
2025-08-19,116295.0,116765.0,112702.0,112870.0,1676.74821297
2025-08-20,112870.0,114618.0,112353.0,114263.0,2261.15590441
2025-08-21,114263.0,114801.0,111972.0,112472.0,1865.84099631
2025-08-22,112471.0,117421.0,111658.0,116891.0,2747.02375092
2025-08-23,116908.0,116985.0,114536.0,115392.0,1011.7640787
2025-08-24,115391.0,115626.0,110671.0,113478.0,1706.85921657
2025-08-25,113491.0,113645.0,109283.0,110136.0,2458.05879872
2025-08-26,110128.0,112400.0,108717.0,111788.0,1921.06840005
2025-08-27,111789.0,112646.0,110381.0,111273.0,1115.69227815
2025-08-28,111272.0,113473.0,110876.0,112581.0,1313.36312523
2025-08-29,112581.0,112654.0,107488.0,108362.0,1977.32412474
2025-08-30,108376.0,108924.0,107389.0,108827.0,790.83013066
2025-08-31,108827.0,109503.0,108092.0,108269.0,747.36779711
2025-09-01,108268.0,109907.0,107270.0,109244.0,1584.06180608
2025-09-02,109255.0,111775.0,108426.0,111238.0,2118.59829056
2025-09-03,111238.0,112615.0,110550.0,111759.0,2089.17921268
2025-09-04,111758.0,112223.0,109343.0,110747.0,1931.55865495
2025-09-05,110738.0,113402.0,110226.0,110669.0,2214.24201717
2025-09-06,110668.0,111314.0,110021.0,110223.0,753.36082686
2025-09-07,110223.0,111597.0,110212.0,111144.0,1147.75813028
2025-09-08,111144.0,112935.0,110624.0,112098.0,1382.32507241
2025-09-09,112097.0,113279.0,110768.0,111531.0,1444.08044039
2025-09-10,111551.0,114348.0,110932.0,113988.0,1623.88652527
2025-09-11,113987.0,115533.0,113460.0,115533.0,1488.7439821
2025-09-12,115533.0,116805.0,114770.0,116108.0,2158.42031268
2025-09-13,116108.0,116364.0,115177.0,115981.0,637.92000888
2025-09-14,115980.0,116216.0,115190.0,115342.0,709.05249747
2025-09-15,115316.0,116786.0,114421.0,115387.0,1496.61808415
2025-09-16,115389.0,117006.0,114776.0,116837.0,1255.43431844
2025-09-17,116836.0,117323.0,114747.0,116477.0,2153.84805045
2025-09-18,116482.0,117968.0,116144.0,117125.0,2093.19820754
2025-09-19,117124.0,117506.0,115144.0,115702.0,1802.70990238
2025-09-20,115703.0,116197.0,115479.0,115759.0,1111.98890244
2025-09-21,115758.0,115901.0,115258.0,115292.0,789.19772796
2025-09-22,115275.0,115435.0,111986.0,112741.0,1951.76217647
2025-09-23,112741.0,113344.0,111463.0,112025.0,1468.03878727
2025-09-24,112025.0,114005.0,111115.0,113339.0,1320.90667792
2025-09-25,113351.0,113542.0,108652.0,109021.0,2615.57202808
2025-09-26,109021.0,110372.0,108676.0,109696.0,1849.1098284
2025-09-27,109694.0,109789.0,109130.0,109679.0,475.39719794
2025-09-28,109679.0,112375.0,109239.0,112203.0,789.14477935
2025-09-29,112203.0,114486.0,111597.0,114379.0,1866.13986072
2025-09-30,114359.0,114842.0,112714.0,114065.0,1873.80348877
2025-10-01,114079.0,118708.0,113982.0,118668.0,2297.03276139
2025-10-02,118674.0,121106.0,118355.0,120612.0,2079.67690093
2025-10-03,120645.0,123966.0,119353.0,122308.0,3097.07232266
2025-10-04,122329.0,122885.0,121575.0,122441.0,628.47218404
2025-10-05,122458.0,125725.0,122209.0,123519.0,1675.31764003
2025-10-06,123519.0,126272.0,123148.0,124728.0,2416.9019815
2025-10-07,124728.0,125235.0,120648.0,121395.0,2470.10489687
2025-10-08,121407.0,124220.0,121113.0,123345.0,2511.13170614
2025-10-09,123349.0,123819.0,119736.0,121695.0,2339.50892075
2025-10-10,121695.0,122582.0,109683.0,112996.0,4713.81894506
2025-10-11,112989.0,113444.0,109711.0,110764.0,2954.91390717
2025-10-12,110769.0,115854.0,109711.0,115090.0,2969.34386191
2025-10-13,115089.0,116035.0,113751.0,115265.0,1947.58068078
2025-10-14,115275.0,115508.0,109971.0,113078.0,2253.66732902
2025-10-15,113077.0,113655.0,110217.0,110804.0,2023.01367329
2025-10-16,110804.0,112012.0,107450.0,108206.0,3004.36833057
2025-10-17,108206.0,109261.0,103530.0,106476.0,4616.53928421
2025-10-18,106470.0,107534.0,106368.0,107220.0,852.54214319
2025-10-19,107214.0,109488.0,106137.0,108684.0,2023.09215463
2025-10-20,108683.0,111717.0,107452.0,110580.0,2416.65967333
2025-10-21,110580.0,114088.0,107460.0,108372.0,4329.34460736
2025-10-22,108324.0,109160.0,106101.0,107595.0,2975.12108444
2025-10-23,107572.0,111336.0,107510.0,110111.0,1735.25029935
2025-10-24,110110.0,112066.0,109731.0,111039.0,1412.66498963
2025-10-25,111038.0,111945.0,110704.0,111668.0,461.82280861
2025-10-26,111658.0,115447.0,111281.0,114551.0,953.31627049
2025-10-27,114551.0,116381.0,113856.0,114101.0,1510.78251849
2025-10-28,114101.0,116077.0,112218.0,112925.0,1398.6106738
2025-10-29,112920.0,113654.0,109265.0,110038.0,1666.55640703
2025-10-30,110037.0,111603.0,106303.0,108306.0,2489.03576718
2025-10-31,108307.0,111049.0,108272.0,109554.0,1789.04697521
2025-11-01,109554.0,110478.0,109370.0,110047.0,566.13804885
2025-11-02,110039.0,111129.0,109475.0,110530.0,971.54551341
2025-11-03,110524.0,110730.0,105300.0,106548.0,2920.15812883
2025-11-04,106550.0,107260.0,98898.0,101466.0,5333.62771462
2025-11-05,101473.0,104532.0,98943.0,103865.0,2852.19774457
2025-11-06,103865.0,104187.0,100246.0,101284.0,2708.20760477
2025-11-07,101288.0,104044.0,99192.0,103275.0,2790.81081749
2025-11-08,103275.0,103345.0,101435.0,102286.0,1224.83513732
2025-11-09,102295.0,105425.0,101394.0,104705.0,1718.06176241
2025-11-10,104677.0,106623.0,104256.0,105972.0,1858.36284442
2025-11-11,105972.0,107465.0,102442.0,103015.0,1836.8384477
2025-11-12,103027.0,105301.0,100812.0,101635.0,1780.49932854
2025-11-13,101634.0,104019.0,97950.0,99618.0,3403.60227589
2025-11-14,99618.0,99815.0,93961.0,94509.0,6242.59326859
2025-11-15,94511.0,96736.0,94491.0,95539.0,1766.66154855
2025-11-16,95540.0,96538.0,92929.0,94187.0,2865.93071437
2025-11-17,94186.0,95938.0,91168.0,92102.0,4149.83016963
2025-11-18,92112.0,93753.0,89189.0,92911.0,4742.04243662
2025-11-19,92911.0,92936.0,88497.0,91474.0,3769.12562257
2025-11-20,91468.0,93065.0,85912.0,86527.0,5180.9142115
2025-11-21,86511.0,87386.0,80537.0,85060.0,8467.35355799
2025-11-22,85054.0,85530.0,83432.0,84679.0,2384.78905136
2025-11-23,84686.0,88082.0,84624.0,86803.0,2773.78769575
2025-11-24,86808.0,89222.0,85225.0,88277.0,4092.88381218
2025-11-25,88276.0,88463.0,86076.0,87331.0,2871.1718489
2025-11-26,87331.0,90646.0,86304.0,90477.0,2971.04093074
2025-11-27,90476.0,91926.0,90091.0,91325.0,1908.75344376
2025-11-28,91326.0,93091.0,90233.0,90913.0,2305.99037956
2025-11-29,90913.0,91179.0,90216.0,90832.0,681.59946371
2025-11-30,90832.0,91969.0,90362.0,90382.0,1020.91842738
2025-12-01,90369.0,90421.0,83814.0,86291.0,4297.0003516
2025-12-02,86291.0,92328.0,86190.0,91300.0,4590.27780876
2025-12-03,91303.0,94172.0,91030.0,93472.0,4462.81522934
2025-12-04,93460.0,94086.0,90903.0,92103.0,2700.62528856
2025-12-05,92109.0,92690.0,88156.0,89348.0,3068.81366007
2025-12-06,89342.0,90286.0,88932.0,89249.0,1058.7437302
2025-12-07,89256.0,91767.0,87744.0,90405.0,2387.94536185
2025-12-08,90406.0,92296.0,89618.0,90649.0,3033.70925459
2025-12-09,90642.0,94652.0,89558.0,92695.0,3420.15950535
2025-12-10,92693.0,94494.0,91579.0,92036.0,3493.06940422
2025-12-11,92037.0,93562.0,89269.0,92531.0,3855.94833075
2025-12-12,92531.0,92757.0,89466.0,90275.0,2653.35034927
2025-12-13,90275.0,90640.0,89789.0,90264.0,588.9306767
2025-12-14,90260.0,90492.0,87607.0,88164.0,2245.28512647
2025-12-15,88170.0,90015.0,85140.0,86412.0,3042.86671686
2025-12-16,86413.0,88135.0,85260.0,87843.0,2848.88747564
2025-12-17,87842.0,90317.0,85274.0,86215.0,3340.00609663
2025-12-18,86214.0,89423.0,84398.0,85460.0,3975.60917787
2025-12-19,85459.0,89349.0,85078.0,88095.0,3013.6629094
2025-12-20,88095.0,88522.0,87791.0,88324.0,593.71520281
2025-12-21,88324.0,89017.0,87576.0,88636.0,1067.66979397
2025-12-22,88637.0,90536.0,87867.0,88539.0,3033.70931489
2025-12-23,88554.0,88876.0,86561.0,87423.0,2425.45718247
2025-12-24,87423.0,87976.0,86363.0,87605.0,1586.51838352
2025-12-25,87605.0,88516.0,86896.0,87172.0,1026.06124365
2025-12-26,87168.0,89476.0,86584.0,87296.0,1995.30168019
2025-12-27,87296.0,87902.0,87180.0,87810.0,482.15727159
2025-12-28,87802.0,88001.0,87377.0,87870.0,559.35879313
2025-12-29,87871.0,90307.0,86701.0,87119.0,2713.91365162
2025-12-30,87111.0,89310.0,86718.0,88390.0,1997.61555935
2025-12-31,88390.0,89079.0,87085.0,87496.0,1905.50552287
2026-01-01,87496.0,88782.0,87268.0,88728.0,1395.46879155
2026-01-02,88728.0,90925.0,88284.0,89952.0,3580.71314243
2026-01-03,89952.0,90677.0,89289.0,90590.0,830.75213082
2026-01-04,90590.0,91728.0,90590.0,91501.0,1249.27665922
2026-01-05,91498.0,94792.0,91484.0,93876.0,3369.25944401
2026-01-06,93876.0,94418.0,91221.0,93712.0,2746.410348
2026-01-07,93712.0,93712.0,90526.0,91273.0,2544.89091077
2026-01-08,91273.0,91562.0,89199.0,91031.0,3047.61486403
2026-01-09,91032.0,91924.0,89596.0,90510.0,2812.731608
2026-01-10,90510.0,90694.0,90286.0,90382.0,416.98576685
2026-01-11,90382.0,91146.0,90090.0,90872.0,856.51847229
2026-01-12,90872.0,92392.0,90016.0,91195.0,2412.5772724
2026-01-13,91195.0,96474.0,90949.0,95366.0,4730.60046022
2026-01-14,95367.0,97939.0,94249.0,96942.0,5227.41310032
2026-01-15,96946.0,97165.0,95113.0,95577.0,2812.14817177
2026-01-16,95583.0,95811.0,94251.0,95521.0,1782.92777503
2026-01-17,95520.0,95603.0,95011.0,95113.0,471.76539206
2026-01-18,95113.0,95480.0,93584.0,93636.0,918.99519084
2026-01-19,93627.0,93632.0,91917.0,92560.0,1871.62721794
2026-01-20,92559.0,92799.0,87777.0,88316.0,4353.6405891
2026-01-21,88317.0,90471.0,87193.0,89374.0,4896.02575856
2026-01-22,89373.0,90254.0,88421.0,89464.0,2031.68926269
2026-01-23,89468.0,91122.0,88463.0,89493.0,2347.64120002
2026-01-24,89493.0,89778.0,89037.0,89089.0,472.12028436
2026-01-25,89089.0,89180.0,86000.0,86567.0,1952.93731653
2026-01-26,86568.0,88750.0,86422.0,88247.0,2317.09931351
2026-01-27,88247.0,89416.0,87197.0,89135.0,2324.46278911
2026-01-28,89135.0,90438.0,88722.0,89168.0,2234.89028223
2026-01-29,89167.0,89214.0,83242.0,84530.0,3681.40597733
2026-01-30,84520.0,84599.0,81040.0,84130.0,5197.26894551
2026-01-31,84124.0,84137.0,75555.0,78635.0,5126.14877716
2026-02-01,78644.0,79322.0,75651.0,76888.0,3780.29100762
2026-02-02,76888.0,79301.0,74532.0,78666.0,5904.57069753
2026-02-03,78666.0,79113.0,72863.0,75662.0,6491.42242041
2026-02-04,75661.0,76873.0,71704.0,73000.0,6664.20590605
2026-02-05,73000.0,73175.0,62200.0,62795.0,12980.44506677
2026-02-06,62795.0,71673.0,59930.0,70531.0,12389.36347229
2026-02-07,70515.0,71622.0,67313.0,69246.0,5313.40541323
2026-02-08,69249.0,72174.0,68850.0,70283.0,3209.084422
2026-02-09,70283.0,71383.0,68265.0,70094.0,4251.33624282
2026-02-10,70094.0,70465.0,67870.0,68802.0,4052.50039834
2026-02-11,68801.0,69235.0,65719.0,67053.0,6069.91114912
2026-02-12,67034.0,68364.0,65080.0,66207.0,3577.43834177
2026-02-13,66205.0,69405.0,65828.0,68812.0,3679.26812952
2026-02-14,68812.0,70513.0,68701.0,69791.0,1855.0088025
2026-02-15,69791.0,70937.0,68044.0,68792.0,2583.79100836
2026-02-16,68792.0,70066.0,67268.0,68867.0,2561.43683283
2026-02-17,68867.0,69205.0,66557.0,67468.0,3173.29499982
2026-02-18,67469.0,68428.0,65840.0,66425.0,3269.12137366
2026-02-19,66425.0,67281.0,65620.0,66973.0,2883.19175749
2026-02-20,66973.0,68298.0,66431.0,67992.0,4286.2528682
2026-02-21,67992.0,68668.0,67518.0,67966.0,1421.65471687
2026-02-22,67967.0,68224.0,67160.0,67612.0,1206.46701391
2026-02-23,67612.0,67654.0,63868.0,64630.0,5280.3221423
2026-02-24,64630.0,64984.0,62525.0,64059.0,4165.22296831
2026-02-25,64059.0,70038.0,63920.0,67994.0,6032.18559863
2026-02-26,67993.0,68841.0,66511.0,67488.0,3855.80807448
2026-02-27,67488.0,68207.0,64935.0,65868.0,4056.20640648
2026-02-28,65868.0,67743.0,63037.0,66985.0,5941.59308309
2026-03-01,66982.0,68201.0,65051.0,65771.0,4640.41251723
2026-03-02,65776.0,70111.0,65259.0,68821.0,6481.12468127
2026-03-03,68821.0,69256.0,66147.0,68336.0,5194.30176765
2026-03-04,68336.0,74075.0,67405.0,72691.0,6743.89222058
2026-03-05,72691.0,73573.0,70671.0,70896.0,4548.71307503
2026-03-06,70898.0,71415.0,67753.0,68114.0,3520.23830882
2026-03-07,68114.0,68543.0,66943.0,67269.0,1602.73980283
2026-03-08,67269.0,68186.0,65623.0,65975.0,2829.70777868
2026-03-09,65974.0,69575.0,65844.0,68453.0,4665.57773266
2026-03-10,68453.0,71775.0,68400.0,69963.0,5202.71519204
2026-03-11,69958.0,71335.0,68991.0,70196.0,4649.31092584
2026-03-12,70196.0,70805.0,69222.0,70529.0,4885.75029631
2026-03-13,70537.0,73933.0,70412.0,70949.0,4593.78432038
2026-03-14,70947.0,71308.0,70305.0,71218.0,1520.25473636
2026-03-15,71218.0,73223.0,70878.0,72831.0,2292.61546545
2026-03-16,72849.0,74916.0,72294.0,74876.0,3772.15166866
2026-03-17,74884.0,76013.0,73429.0,73928.0,3923.49624615
2026-03-18,73931.0,74676.0,70492.0,71259.0,3059.47018424
2026-03-19,71241.0,71604.0,68799.0,69921.0,3381.21580722
2026-03-20,69921.0,71356.0,69399.0,70502.0,2786.90640315
2026-03-21,70498.0,71082.0,68563.0,68910.0,1361.20269127
2026-03-22,68910.0,69564.0,67354.0,67860.0,2109.6159151
2026-03-23,67853.0,71801.0,67435.0,70883.0,3654.99346849
2026-03-24,70875.0,71382.0,68893.0,70519.0,3323.54868049
2026-03-25,70519.0,72026.0,70387.0,71301.0,2612.72355105
2026-03-26,71305.0,71405.0,68110.0,68779.0,3000.04397195
2026-03-27,68779.0,69127.0,65505.0,66359.0,3005.97680194
2026-03-28,66359.0,67245.0,65883.0,66321.0,869.91978741
2026-03-29,66320.0,67067.0,64955.0,65954.0,1293.83955401
2026-03-30,65961.0,68109.0,65741.0,66731.0,2769.150905
2026-03-31,66741.0,68517.0,65926.0,68215.0,2152.37368471
2026-04-01,68215.0,69268.0,67542.0,68102.0,2176.81429582
2026-04-02,68104.0,68644.0,65696.0,66890.0,1629.62243304
2026-04-03,66890.0,67359.0,66282.0,66944.0,799.7654875
2026-04-04,66949.0,67528.0,66782.0,67290.0,407.12820026
2026-04-05,67296.0,69104.0,66608.0,68999.0,645.41692971
2026-04-06,69005.0,70355.0,68332.0,68857.0,1269.73380382
2026-04-07,68856.0,72762.0,67724.0,71940.0,1555.8436309
2026-04-08,71911.0,72865.0,70705.0,71110.0,1681.53724973
2026-04-09,71064.0,73159.0,70480.0,71812.0,1764.99624298
2026-04-10,71797.0,73465.0,71432.0,72980.0,2356.29877946
2026-04-11,72980.0,73832.0,72559.0,73071.0,760.05196907
2026-04-12,73060.0,73166.0,70526.0,70746.0,953.31624651
2026-04-13,70742.0,74911.0,70584.0,74447.0,3621.422576
2026-04-14,74451.0,76120.0,73861.0,74184.0,4058.73780895
2026-04-15,74183.0,75445.0,73528.0,74818.0,824.24583731
2026-04-16,74828.0,75541.0,73309.0,75178.0,1166.08154755
2026-04-17,75172.0,78384.0,74571.0,77108.0,2558.4395203
2026-04-18,77107.0,77451.0,75441.0,75737.0,576.88981552
2026-04-19,75734.0,76264.0,73804.0,73825.0,794.50078642
2026-04-20,73834.0,76597.0,73753.0,75870.0,812.61140257
2026-04-21,75870.0,76944.0,74817.0,76345.0,1106.67718991
2026-04-22,76346.0,79500.0,76154.0,78208.0,1500.95939972
2026-04-23,78209.0,78695.0,76988.0,78269.0,928.43606242
2026-04-24,78269.0,78557.0,77295.0,77466.0,861.89309297
2026-04-25,77460.0,77906.0,77173.0,77639.0,273.88400022
2026-04-26,77639.0,78969.0,77348.0,78660.0,608.62901057
2026-04-27,78666.0,79490.0,76455.0,77373.0,886.75879861
2026-04-28,77374.0,77474.0,75657.0,76323.0,931.62772644
2026-04-29,76324.0,77882.0,74912.0,75745.0,1208.06442879
2026-04-30,75746.0,76629.0,75299.0,76310.0,584.61885651
2026-05-01,76310.0,78924.0,76294.0,78232.0,829.68234395
2026-05-02,78232.0,79157.0,78036.0,78690.0,360.45077711
2026-05-03,78690.0,79437.0,78082.0,78565.0,447.91420445
2026-05-04,78563.0,80768.0,78203.0,79844.0,1590.76805531
2026-05-05,79855.0,81781.0,79810.0,80913.0,1256.8049875
2026-05-06,80904.0,82833.0,80728.0,81447.0,974.73027712
2026-05-07,81436.0,81706.0,79500.0,80017.0,1030.93447403
2026-05-08,80005.0,80500.0,79168.0,80199.0,861.34554464
2026-05-09,80200.0,81063.0,80135.0,80665.0,260.35013444
2026-05-10,80665.0,82458.0,80269.0,82193.0,509.08425565
2026-05-11,82197.0,82361.0,80429.0,81736.0,1098.10551499
2026-05-12,81736.0,81767.0,79820.0,80491.0,1020.45687485
2026-05-13,80495.0,81288.0,78704.0,79284.0,1405.79319836
2026-05-14,79291.0,82047.0,78893.0,81075.0,2920.28181374
2026-05-15,81075.0,81650.0,78611.0,79062.0,1056.97680617
2026-05-16,79064.0,79186.0,77614.0,78118.0,443.01524369
2026-05-17,78117.0,78573.0,76689.0,77412.0,469.14631985
2026-05-18,77419.0,77753.0,76000.0,76949.0,1128.06007716
2026-05-19,76955.0,77357.0,76088.0,76757.0,550.76924548
2026-05-20,76762.0,77782.01,76440.0,77470.5,723.02197773
2026-05-21,77482.86,77582.36,77446.01,77549.0,0.707446
2026-05-22,77565.86,77819.99,75285.0,75451.01,725.0509198
2026-05-23,75451.01,77302.52,74192.21,76655.99,967.2323223
2026-05-24,76654.0,77427.0,76015.0,76974.88,496.89495019
2026-05-25,76974.88,77830.83,76833.0,77254.92,518.69582604
2026-05-26,77255.0,78002.74,75559.41,75820.94,1137.32088336
2026-05-27,75820.95,76047.0,74127.01,74330.48,881.66520786
2026-05-28,74330.47,74461.71,72461.53,73519.16,1415.43760493
2026-05-29,73526.41,74223.0,72394.58,73373.29,968.72667883
2026-05-30,73373.3,74024.77,73125.86,73762.15,357.56268745
2026-05-31,73775.0,74162.97,73289.97,73567.99,421.37448096
2026-06-01,73568.0,73984.48,70574.13,71313.86,1811.51510088
2026-06-02,71305.47,71309.61,66099.58,66668.6,3062.12034726
2026-06-03,66669.99,67417.99,63991.31,64045.64,2990.47757587
2026-06-04,64045.63,64687.36,61310.19,63814.8,5828.84132012
2026-06-05,63811.0,63915.41,59100.0,61042.14,5485.96092016
2026-06-06,61032.64,61503.35,59485.04,60858.64,1210.53410993
2026-06-07,60850.82,64196.66,60717.66,63315.72,1423.34858338
2026-06-08,63306.56,64191.09,62370.0,63061.78,2143.33985315
2026-06-09,63068.48,63491.41,60718.0,61685.44,2619.16979905
2026-06-10,61685.43,62808.52,60678.99,61456.49,2140.36256101
2026-06-11,61452.99,63840.01,61452.99,63558.21,1556.8794791
2026-06-12,63558.2,64348.63,62761.04,63531.04,1263.51892611
2026-06-13,63539.04,64742.88,63409.94,64440.0,561.3925642
2026-06-14,64423.99,65758.99,63642.58,65712.5,779.26765605
2026-06-15,65713.19,67253.17,65315.92,66282.05,1590.05635192
2026-06-16,66282.05,66949.01,65301.0,65612.86,1296.44629285
2026-06-17,65612.85,66390.79,63861.31,64443.27,1568.8341234
2026-06-18,64448.09,64754.21,62178.0,62889.92,1547.3288398
2026-06-19,62889.92,63606.48,62245.01,63487.34,918.36907249
2026-06-20,63487.34,64334.69,63133.21,64245.72,610.71977158
2026-06-21,64225.99,64522.0,63197.23,63237.18,551.09674747
2026-06-22,63237.17,65555.13,63237.17,63948.96,1437.39073712
2026-06-23,63948.95,64199.85,61860.01,62651.43,1351.74022349
2026-06-24,62651.43,63137.0,59018.45,60987.0,2180.37620984
2026-06-25,60981.45,61865.72,58035.28,59696.26,2130.48721866
2026-06-26,59710.91,60656.42,58240.91,60019.38,2185.00058617
2026-06-27,60021.01,60850.0,59766.78,59940.07,508.53190375
2026-06-28,59940.06,60447.61,58806.76,59473.29,634.06945764
2026-06-29,59473.29,60692.2,58800.83,60163.86,1820.9079122
2026-06-30,60163.85,60184.93,58076.49,58526.17,1527.12409907
2026-07-01,58526.63,61280.5,57734.63,59963.46,1390.17261075
2026-07-02,59957.3,62136.7,59523.85,61479.1,1886.84255097
2026-07-03,61478.28,62894.88,61169.93,62522.46,1067.97160731
2026-07-04,62522.45,63454.8,62279.5,63086.18,606.07859629
2026-07-05,63089.64,63945.23,62389.98,63587.06,590.31403493
2026-07-06,63587.05,64657.29,61246.23,64000.1,1497.89511585
2026-07-07,64000.11,64263.34,62605.01,63311.3,1305.02995553
2026-07-08,63322.54,63711.85,61480.73,62237.84,902.04205645
2026-07-09,62238.2,63442.98,61641.44,63185.92,879.06661154
2026-07-10,63179.96,64653.09,62883.44,64114.25,989.8820577
2026-07-11,64116.45,64467.19,63777.01,63780.01,373.71337011
2026-07-12,63780.0,64233.0,63588.71,63743.46,358.98577813
2026-07-13,63743.51,64384.9,61750.06,62256.81,1038.09649603
2026-07-14,62256.8,65063.99,62203.26,64975.72,1066.83456731
2026-07-15,65000.0,65518.04,64435.14,64713.83,1005.03285047
2026-07-16,64713.83,64941.56,63700.01,63788.02,795.59627502
2026-07-17,63782.65,64347.12,62470.01,63891.98,1173.51036409
2026-07-18,63891.98,64825.94,63849.77,64792.35,387.44873134
2026-07-19,64792.57,64918.84,64239.27,64681.58,480.10924279
2026-07-20,64688.7,65747.46,63705.77,65212.6,1506.90189803
2026-07-21,65212.6,66920.74,65108.55,66518.68,1289.11475833
2026-07-22,66519.8,66697.57,65488.36,66082.49,984.25922288
2026-07-23,66086.87,66268.25,64590.0,65050.48,1131.52154987
2026-07-24,65050.47,65765.4,63666.0,64086.59,916.37917245
2026-07-25,64086.59,64384.68,63744.38,64307.9,351.44623629
2026-07-26,64306.95,65518.58,64232.38,65338.88,395.9190576
2026-07-27,65338.88,65679.5,63536.94,63697.72,1022.46271431
2026-07-28,63697.72,64034.96,62683.93,63850.53,1034.53000264
2026-07-29,63849.63,64658.0,63198.67,63894.39,1199.20177592
2026-07-30,63894.24,65100.0,63514.36,64716.76,1195.48420629
2026-07-31,64716.76,65340.42,62369.0,62817.96,1235.25524562
2026-08-01,62817.96,63088.09,62216.81,62759.82,445.31419101
2026-08-02,62759.82,63725.0,62754.4,63499.99,485.53607284
2026-08-03,63499.99,64023.9,62216.0,63460.01,924.01565811
2026-08-04,63460.89,64482.02,63270.0,64056.48,1012.02481152
2026-08-05,64056.47,64995.84,63820.01,64600.22,1116.54614458
2026-08-06,64600.21,64932.21,64094.0,64255.55,1131.9035155
2026-08-07,64265.53,65339.98,64103.0,64877.77,1964.13539171
2026-08-08,64877.77,65134.9,64801.24,64908.72,520.80456173
2026-08-09,64908.72,65415.69,64684.71,64857.27,628.89456178
2026-08-10,64857.26,65333.41,63737.02,63911.16,1480.54318461
2026-08-11,63911.15,64447.0,63173.91,63542.82,1378.44718852
2026-08-12,63539.69,64410.61,63240.01,63406.33,1617.70676449
2026-08-13,63406.33,63936.18,62782.77,63418.04,1675.84013733
2026-08-14,63418.05,63552.94,62470.0,62975.97,1244.0348531
2026-08-15,62975.97,63112.96,62863.54,63025.94,318.97333488
2026-08-16,63025.93,63310.16,62652.7,62831.66,534.53133128
2026-08-17,62831.65,64551.3,62689.89,64484.76,2083.29342512
2026-08-18,64488.02,65000.0,63982.23,64686.09,1663.10641737
2026-08-19,64686.09,70033.39,64112.88,69297.78,4829.36084086
2026-08-20,69298.02,73370.15,68858.17,73007.7,4199.95886284
2026-08-21,73000.01,79461.0,73000.01,78325.11,6239.29952159
2026-08-22,78325.29,78800.11,76525.41,77065.64,1540.63267264
2026-08-23,77065.63,78032.6,75568.18,77716.48,1541.9838493
2026-08-24,77723.58,79989.36,76664.18,78986.06,2794.80659801
2026-08-25,78985.15,81255.06,77850.0,78534.93,2638.50124393
2026-08-26,78536.3,79224.4,77626.89,79022.66,1508.94193139
2026-08-27,79022.65,80819.98,78573.39,80278.98,3073.12963145
2026-08-28,80278.99,81454.98,76876.88,77835.18,3147.57326254
2026-08-29,77835.18,78328.63,77345.28,78235.02,809.27102639
2026-08-30,78235.01,79385.99,77023.78,77701.7,1401.20396097
2026-08-31,77659.15,79249.85,77381.47,78571.17,2264.23417349
2026-09-01,78571.18,79184.0,76380.13,77397.43,2851.04332419
2026-09-02,77397.43,77747.28,76228.56,77301.83,1643.47814236
2026-09-03,77294.61,82280.62,76940.96,81265.0,2498.55416454
2026-09-04,81265.0,81426.37,78645.01,79676.6,2226.87926884
2026-09-05,79676.6,80187.04,79464.65,79830.42,552.2301498
2026-09-06,79830.42,80537.4,79218.0,80338.98,746.1705314
2026-09-07,80338.98,80430.96,78685.0,79090.41,1253.60427642
2026-09-08,79090.42,79455.12,77602.59,78449.0,1607.0465247
2026-09-09,78449.01,79741.64,77760.0,78281.65,1787.66218132
2026-09-10,78281.65,78526.26,76452.89,76528.75,1622.87031798
2026-09-11,76528.6,79836.83,76040.02,77212.48,2773.54564116
2026-09-12,77212.48,77480.0,77060.0,77269.22,499.05342596
2026-09-13,77269.21,77417.67,76480.0,76808.69,981.62415399
2026-09-14,76804.19,79579.16,76370.36,78185.01,2451.20669841
2026-09-15,78185.01,78241.56,74913.43,75577.29,2966.54321896
2026-09-16,75577.29,76471.23,74962.49,76138.6,1683.17477769
2026-09-17,76138.6,77083.2,75949.99,76354.94,1420.05650508
2026-09-18,76354.93,81376.86,76235.9,80878.77,2129.79425665
2026-09-19,80878.78,81913.69,80823.13,81235.14,1047.02886333
2026-09-20,81235.13,81452.45,80106.1,81151.65,849.32563024
2026-09-21,81151.64,87373.64,80851.86,86586.52,3037.52099851
2026-09-22,86586.52,86700.0,85094.48,86201.35,2202.56160068
2026-09-23,86201.35,87271.74,83508.0,84384.54,1502.69933501
2026-09-24,84393.87,84900.0,82873.04,84383.03,1717.78144649
2026-09-25,84383.03,85238.37,83161.0,84089.54,1580.67563698
2026-09-26,84089.55,84451.48,83788.72,84433.05,563.48488566
2026-09-27,84433.05,85130.74,84120.0,84457.2,753.87301086
2026-09-28,84455.38,84973.02,82555.44,83461.65,1812.67242254
2026-09-29,83466.13,84540.31,82743.87,83629.41,1350.22732623
2026-09-30,83636.77,85600.0,82922.8,83562.58,1819.3606102
2026-10-01,83555.46,85232.94,83130.14,84852.65,1410.05930015
2026-10-02,84851.22,87219.4,83841.27,84500.84,1967.87867971
2026-10-03,84500.85,85008.25,84433.06,84746.87,454.3093179
2026-10-04,84746.88,86770.5,84712.95,86510.16,748.65395358
